"instant","dteday","season","yr","mnth","holiday","weekday","workingday","weathersit","temp","atemp","hum","windspeed","casual","registered","cnt","denorm_temp","denorm_atemp","denorm_hum","denorm_wind","MISTY","RAIN","season_spring","season_summer","season_fall","days_since_2011"
1,2011-01-01,1,0,1,0,6,0,2,0.344167,0.363625,0.805833,0.160446,331,654,985,8.175849,7.99925,80.5833,10.749882,1,0,0,0,0,0
2,2011-01-02,1,0,1,0,0,0,2,0.363478,0.353739,0.696087,0.248539,131,670,801,9.083466,7.346774,69.6087,16.652113,1,0,0,0,0,1
3,2011-01-03,1,0,1,0,1,1,1,0.196364,0.189405,0.437273,0.248309,120,1229,1349,1.229108,-3.49927,43.7273,16.636703,0,0,0,0,0,2
4,2011-01-04,1,0,1,0,2,1,1,0.2,0.212122,0.590435,0.160296,108,1454,1562,1.4,-1.999948,59.0435,10.739832,0,0,0,0,0,3
5,2011-01-05,1,0,1,0,3,1,1,0.226957,0.22927,0.436957,0.1869,82,1518,1600,2.666979,-0.868180000000001,43.6957,12.5223,0,0,0,0,0,4
6,2011-01-06,1,0,1,0,4,1,1,0.204348,0.233209,0.518261,0.0895652,88,1518,1606,1.604356,-0.608205999999999,51.8261,6.0008684,0,0,0,0,0,5
7,2011-01-07,1,0,1,0,5,1,2,0.196522,0.208839,0.498696,0.168726,148,1362,1510,1.236534,-2.216626,49.8696,11.304642,1,0,0,0,0,6
8,2011-01-08,1,0,1,0,6,0,2,0.165,0.162254,0.535833,0.266804,68,891,959,-0.244999999999999,-5.291236,53.5833,17.875868,1,0,0,0,0,7
9,2011-01-09,1,0,1,0,0,0,1,0.138333,0.116175,0.434167,0.36195,54,768,822,-1.498349,-8.33245,43.4167,24.25065,0,0,0,0,0,8
10,2011-01-10,1,0,1,0,1,1,1,0.150833,0.150888,0.482917,0.223267,41,1280,1321,-0.910849000000001,-6.041392,48.2917,14.958889,0,0,0,0,0,9
11,2011-01-11,1,0,1,0,2,1,2,0.169091,0.191464,0.686364,0.122132,43,1220,1263,-0.0527230000000003,-3.363376,68.6364,8.182844,1,0,0,0,0,10
12,2011-01-12,1,0,1,0,3,1,1,0.172727,0.160473,0.599545,0.304627,25,1137,1162,0.118169,-5.408782,59.9545,20.410009,0,0,0,0,0,11
13,2011-01-13,1,0,1,0,4,1,1,0.165,0.150883,0.470417,0.301,38,1368,1406,-0.244999999999999,-6.041722,47.0417,20.167,0,0,0,0,0,12
14,2011-01-14,1,0,1,0,5,1,1,0.16087,0.188413,0.537826,0.126548,54,1367,1421,-0.439109999999999,-3.564742,53.7826,8.478716,0,0,0,0,0,13
15,2011-01-15,1,0,1,0,6,0,2,0.233333,0.248112,0.49875,0.157963,222,1026,1248,2.966651,0.375392000000002,49.875,10.583521,1,0,0,0,0,14
16,2011-01-16,1,0,1,0,0,0,1,0.231667,0.234217,0.48375,0.188433,251,953,1204,2.888349,-0.541677999999999,48.375,12.625011,0,0,0,0,0,15
17,2011-01-17,1,0,1,1,1,0,2,0.175833,0.176771,0.5375,0.194017,117,883,1000,0.264151,-4.333114,53.75,12.999139,1,0,0,0,0,16
18,2011-01-18,1,0,1,0,2,1,2,0.216667,0.232333,0.861667,0.146775,9,674,683,2.183349,-0.666022,86.1667,9.833925,1,0,0,0,0,17
19,2011-01-19,1,0,1,0,3,1,2,0.292174,0.298422,0.741739,0.208317,78,1572,1650,5.732178,3.695852,74.1739,13.957239,1,0,0,0,0,18
20,2011-01-20,1,0,1,0,4,1,2,0.261667,0.25505,0.538333,0.195904,83,1844,1927,4.298349,0.833300000000001,53.8333,13.125568,1,0,0,0,0,19
21,2011-01-21,1,0,1,0,5,1,1,0.1775,0.157833,0.457083,0.353242,75,1468,1543,0.342499999999999,-5.583022,45.7083,23.667214,0,0,0,0,0,20
22,2011-01-22,1,0,1,0,6,0,1,0.0591304,0.0790696,0.4,0.17197,93,888,981,-5.2208712,-10.7814064,40,11.52199,0,0,0,0,0,21
23,2011-01-23,1,0,1,0,0,0,1,0.0965217,0.0988391,0.436522,0.2466,150,836,986,-3.4634801,-9.4766194,43.6522,16.5222,0,0,0,0,0,22
24,2011-01-24,1,0,1,0,1,1,1,0.0973913,0.11793,0.491739,0.15833,86,1330,1416,-3.4226089,-8.21662,49.1739,10.60811,0,0,0,0,0,23
25,2011-01-25,1,0,1,0,2,1,2,0.223478,0.234526,0.616957,0.129796,186,1799,1985,2.503466,-0.521284,61.6957,8.696332,1,0,0,0,0,24
26,2011-01-26,1,0,1,0,3,1,3,0.2175,0.2036,0.8625,0.29385,34,472,506,2.2225,-2.5624,86.25,19.68795,0,1,0,0,0,25
27,2011-01-27,1,0,1,0,4,1,1,0.195,0.2197,0.6875,0.113837,15,416,431,1.165,-1.4998,68.75,7.627079,0,0,0,0,0,26
28,2011-01-28,1,0,1,0,5,1,2,0.203478,0.223317,0.793043,0.1233,38,1129,1167,1.563466,-1.261078,79.3043,8.2611,1,0,0,0,0,27
29,2011-01-29,1,0,1,0,6,0,1,0.196522,0.212126,0.651739,0.145365,123,975,1098,1.236534,-1.999684,65.1739,9.739455,0,0,0,0,0,28
30,2011-01-30,1,0,1,0,0,0,1,0.216522,0.250322,0.722174,0.0739826,140,956,1096,2.176534,0.521252,72.2174,4.9568342,0,0,0,0,0,29
31,2011-01-31,1,0,1,0,1,1,2,0.180833,0.18625,0.60375,0.187192,42,1459,1501,0.499150999999999,-3.7075,60.375,12.541864,1,0,0,0,0,30
32,2011-02-01,1,0,2,0,2,1,2,0.192174,0.23453,0.829565,0.053213,47,1313,1360,1.032178,-0.52102,82.9565,3.565271,1,0,0,0,0,31
33,2011-02-02,1,0,2,0,3,1,2,0.26,0.254417,0.775417,0.264308,72,1454,1526,4.22,0.791522000000001,77.5417,17.708636,1,0,0,0,0,32
34,2011-02-03,1,0,2,0,4,1,1,0.186957,0.177878,0.437826,0.277752,61,1489,1550,0.786979000000001,-4.260052,43.7826,18.609384,0,0,0,0,0,33
35,2011-02-04,1,0,2,0,5,1,2,0.211304,0.228587,0.585217,0.127839,88,1620,1708,1.931288,-0.913257999999999,58.5217,8.565213,1,0,0,0,0,34
36,2011-02-05,1,0,2,0,6,0,2,0.233333,0.243058,0.929167,0.161079,100,905,1005,2.966651,0.0418279999999989,92.9167,10.792293,1,0,0,0,0,35
37,2011-02-06,1,0,2,0,0,0,1,0.285833,0.291671,0.568333,0.1418,354,1269,1623,5.434151,3.250286,56.8333,9.5006,0,0,0,0,0,36
38,2011-02-07,1,0,2,0,1,1,1,0.271667,0.303658,0.738333,0.0454083,120,1592,1712,4.768349,4.041428,73.8333,3.0423561,0,0,0,0,0,37
39,2011-02-08,1,0,2,0,2,1,1,0.220833,0.198246,0.537917,0.36195,64,1466,1530,2.379151,-2.915764,53.7917,24.25065,0,0,0,0,0,38
40,2011-02-09,1,0,2,0,3,1,2,0.134783,0.144283,0.494783,0.188839,53,1552,1605,-1.665199,-6.477322,49.4783,12.652213,1,0,0,0,0,39
41,2011-02-10,1,0,2,0,4,1,1,0.144348,0.149548,0.437391,0.221935,47,1491,1538,-1.215644,-6.129832,43.7391,14.869645,0,0,0,0,0,40
42,2011-02-11,1,0,2,0,5,1,1,0.189091,0.213509,0.506364,0.10855,149,1597,1746,0.887277000000001,-1.908406,50.6364,7.27285,0,0,0,0,0,41
43,2011-02-12,1,0,2,0,6,0,1,0.2225,0.232954,0.544167,0.203367,288,1184,1472,2.4575,-0.625036,54.4167,13.625589,0,0,0,0,0,42
44,2011-02-13,1,0,2,0,0,0,1,0.316522,0.324113,0.457391,0.260883,397,1192,1589,6.876534,5.391458,45.7391,17.479161,0,0,0,0,0,43
45,2011-02-14,1,0,2,0,1,1,1,0.415,0.39835,0.375833,0.417908,208,1705,1913,11.505,10.2911,37.5833,27.999836,0,0,0,0,0,44
46,2011-02-15,1,0,2,0,2,1,1,0.266087,0.254274,0.314348,0.291374,140,1675,1815,4.506089,0.782084000000001,31.4348,19.522058,0,0,0,0,0,45
47,2011-02-16,1,0,2,0,3,1,1,0.318261,0.3162,0.423478,0.251791,218,1897,2115,6.958267,4.8692,42.3478,16.869997,0,0,0,0,0,46
48,2011-02-17,1,0,2,0,4,1,1,0.435833,0.428658,0.505,0.230104,259,2216,2475,12.484151,12.291428,50.5,15.416968,0,0,0,0,0,47
49,2011-02-18,1,0,2,0,5,1,1,0.521667,0.511983,0.516667,0.264925,579,2348,2927,16.518349,17.790878,51.6667,17.749975,0,0,0,0,0,48
50,2011-02-19,1,0,2,0,6,0,1,0.399167,0.391404,0.187917,0.507463,532,1103,1635,10.760849,9.832664,18.7917,34.000021,0,0,0,0,0,49
51,2011-02-20,1,0,2,0,0,0,1,0.285217,0.27733,0.407826,0.223235,639,1173,1812,5.405199,2.30378,40.7826,14.956745,0,0,0,0,0,50
52,2011-02-21,1,0,2,1,1,0,2,0.303333,0.284075,0.605,0.307846,195,912,1107,6.256651,2.74895,60.5,20.625682,1,0,0,0,0,51
53,2011-02-22,1,0,2,0,2,1,1,0.182222,0.186033,0.577778,0.195683,74,1376,1450,0.564434,-3.721822,57.7778,13.110761,0,0,0,0,0,52
54,2011-02-23,1,0,2,0,3,1,1,0.221739,0.245717,0.423043,0.094113,139,1778,1917,2.421733,0.217321999999999,42.3043,6.305571,0,0,0,0,0,53
55,2011-02-24,1,0,2,0,4,1,2,0.295652,0.289191,0.697391,0.250496,100,1707,1807,5.895644,3.086606,69.7391,16.783232,1,0,0,0,0,54
56,2011-02-25,1,0,2,0,5,1,2,0.364348,0.350461,0.712174,0.346539,120,1341,1461,9.124356,7.130426,71.2174,23.218113,1,0,0,0,0,55
57,2011-02-26,1,0,2,0,6,0,1,0.2825,0.282192,0.537917,0.186571,424,1545,1969,5.2775,2.624672,53.7917,12.500257,0,0,0,0,0,56
58,2011-02-27,1,0,2,0,0,0,1,0.343478,0.351109,0.68,0.125248,694,1708,2402,8.143466,7.173194,68,8.391616,0,0,0,0,0,57
59,2011-02-28,1,0,2,0,1,1,2,0.407273,0.400118,0.876364,0.289686,81,1365,1446,11.141831,10.407788,87.6364,19.408962,1,0,0,0,0,58
60,2011-03-01,1,0,3,0,2,1,1,0.266667,0.263879,0.535,0.216425,137,1714,1851,4.533349,1.416014,53.5,14.500475,0,0,0,0,0,59
61,2011-03-02,1,0,3,0,3,1,1,0.335,0.320071,0.449583,0.307833,231,1903,2134,7.745,5.124686,44.9583,20.624811,0,0,0,0,0,60
62,2011-03-03,1,0,3,0,4,1,1,0.198333,0.200133,0.318333,0.225754,123,1562,1685,1.321651,-2.791222,31.8333,15.125518,0,0,0,0,0,61
63,2011-03-04,1,0,3,0,5,1,2,0.261667,0.255679,0.610417,0.203346,214,1730,1944,4.298349,0.874814000000001,61.0417,13.624182,1,0,0,0,0,62
64,2011-03-05,1,0,3,0,6,0,2,0.384167,0.378779,0.789167,0.251871,640,1437,2077,10.055849,8.999414,78.9167,16.875357,1,0,0,0,0,63
65,2011-03-06,1,0,3,0,0,0,2,0.376522,0.366252,0.948261,0.343287,114,491,605,9.696534,8.172632,94.8261,23.000229,1,0,0,0,0,64
66,2011-03-07,1,0,3,0,1,1,1,0.261739,0.238461,0.551304,0.341352,244,1628,1872,4.301733,-0.261574,55.1304,22.870584,0,0,0,0,0,65
67,2011-03-08,1,0,3,0,2,1,1,0.2925,0.3024,0.420833,0.12065,316,1817,2133,5.7475,3.9584,42.0833,8.08355,0,0,0,0,0,66
68,2011-03-09,1,0,3,0,3,1,2,0.295833,0.286608,0.775417,0.22015,191,1700,1891,5.904151,2.916128,77.5417,14.75005,1,0,0,0,0,67
69,2011-03-10,1,0,3,0,4,1,3,0.389091,0.385668,0,0.261877,46,577,623,10.287277,9.454088,0,17.545759,0,1,0,0,0,68
70,2011-03-11,1,0,3,0,5,1,2,0.316522,0.305,0.649565,0.23297,247,1730,1977,6.876534,4.13,64.9565,15.60899,1,0,0,0,0,69
71,2011-03-12,1,0,3,0,6,0,1,0.329167,0.32575,0.594583,0.220775,724,1408,2132,7.470849,5.4995,59.4583,14.791925,0,0,0,0,0,70
72,2011-03-13,1,0,3,0,0,0,1,0.384348,0.380091,0.527391,0.270604,982,1435,2417,10.064356,9.086006,52.7391,18.130468,0,0,0,0,0,71
73,2011-03-14,1,0,3,0,1,1,1,0.325217,0.332,0.496957,0.136926,359,1687,2046,7.285199,5.912,49.6957,9.174042,0,0,0,0,0,72
74,2011-03-15,1,0,3,0,2,1,2,0.317391,0.318178,0.655652,0.184309,289,1767,2056,6.917377,4.999748,65.5652,12.348703,1,0,0,0,0,73
75,2011-03-16,1,0,3,0,3,1,2,0.365217,0.36693,0.776522,0.203117,321,1871,2192,9.165199,8.21738,77.6522,13.608839,1,0,0,0,0,74
76,2011-03-17,1,0,3,0,4,1,1,0.415,0.410333,0.602917,0.209579,424,2320,2744,11.505,11.081978,60.2917,14.041793,0,0,0,0,0,75
77,2011-03-18,1,0,3,0,5,1,1,0.54,0.527009,0.525217,0.231017,884,2355,3239,17.38,18.782594,52.5217,15.478139,0,0,0,0,0,76
78,2011-03-19,1,0,3,0,6,0,1,0.4725,0.466525,0.379167,0.368167,1424,1693,3117,14.2075,14.79065,37.9167,24.667189,0,0,0,0,0,77
79,2011-03-20,1,0,3,0,0,0,1,0.3325,0.32575,0.47375,0.207721,1047,1424,2471,7.6275,5.4995,47.375,13.917307,0,0,0,0,0,78
80,2011-03-21,2,0,3,0,1,1,2,0.430435,0.409735,0.737391,0.288783,401,1676,2077,12.230445,11.04251,73.7391,19.348461,1,0,1,0,0,79
81,2011-03-22,2,0,3,0,2,1,1,0.441667,0.440642,0.624583,0.22575,460,2243,2703,12.758349,13.082372,62.4583,15.12525,0,0,1,0,0,80
82,2011-03-23,2,0,3,0,3,1,2,0.346957,0.337939,0.839565,0.234261,203,1918,2121,8.306979,6.303974,83.9565,15.695487,1,0,1,0,0,81
83,2011-03-24,2,0,3,0,4,1,2,0.285,0.270833,0.805833,0.243787,166,1699,1865,5.395,1.874978,80.5833,16.333729,1,0,1,0,0,82
84,2011-03-25,2,0,3,0,5,1,1,0.264167,0.256312,0.495,0.230725,300,1910,2210,4.415849,0.916591999999998,49.5,15.458575,0,0,1,0,0,83
85,2011-03-26,2,0,3,0,6,0,1,0.265833,0.257571,0.394167,0.209571,981,1515,2496,4.494151,0.999686000000001,39.4167,14.041257,0,0,1,0,0,84
86,2011-03-27,2,0,3,0,0,0,2,0.253043,0.250339,0.493913,0.1843,472,1221,1693,3.893021,0.522373999999999,49.3913,12.3481,1,0,1,0,0,85
87,2011-03-28,2,0,3,0,1,1,1,0.264348,0.257574,0.302174,0.212204,222,1806,2028,4.424356,0.999884000000002,30.2174,14.217668,0,0,1,0,0,86
88,2011-03-29,2,0,3,0,2,1,1,0.3025,0.292908,0.314167,0.226996,317,2108,2425,6.2175,3.331928,31.4167,15.208732,0,0,1,0,0,87
89,2011-03-30,2,0,3,0,3,1,2,0.3,0.29735,0.646667,0.172888,168,1368,1536,6.1,3.6251,64.6667,11.583496,1,0,1,0,0,88
90,2011-03-31,2,0,3,0,4,1,3,0.268333,0.257575,0.918333,0.217646,179,1506,1685,4.611651,0.999949999999998,91.8333,14.582282,0,1,1,0,0,89
91,2011-04-01,2,0,4,0,5,1,2,0.3,0.283454,0.68625,0.258708,307,1920,2227,6.1,2.707964,68.625,17.333436,1,0,1,0,0,90
92,2011-04-02,2,0,4,0,6,0,2,0.315,0.315637,0.65375,0.197146,898,1354,2252,6.805,4.832042,65.375,13.208782,1,0,1,0,0,91
93,2011-04-03,2,0,4,0,0,0,1,0.378333,0.378767,0.48,0.182213,1651,1598,3249,9.781651,8.998622,48,12.208271,0,0,1,0,0,92
94,2011-04-04,2,0,4,0,1,1,1,0.573333,0.542929,0.42625,0.385571,734,2381,3115,18.946651,19.833314,42.625,25.833257,0,0,1,0,0,93
95,2011-04-05,2,0,4,0,2,1,2,0.414167,0.39835,0.642083,0.388067,167,1628,1795,11.465849,10.2911,64.2083,26.000489,1,0,1,0,0,94
96,2011-04-06,2,0,4,0,3,1,1,0.390833,0.387608,0.470833,0.263063,413,2395,2808,10.369151,9.582128,47.0833,17.625221,0,0,1,0,0,95
97,2011-04-07,2,0,4,0,4,1,1,0.4375,0.433696,0.602917,0.162312,571,2570,3141,12.5625,12.623936,60.2917,10.874904,0,0,1,0,0,96
98,2011-04-08,2,0,4,0,5,1,2,0.335833,0.324479,0.83625,0.226992,172,1299,1471,7.784151,5.415614,83.625,15.208464,1,0,1,0,0,97
99,2011-04-09,2,0,4,0,6,0,2,0.3425,0.341529,0.8775,0.133083,879,1576,2455,8.0975,6.540914,87.75,8.916561,1,0,1,0,0,98
100,2011-04-10,2,0,4,0,0,0,2,0.426667,0.426737,0.8575,0.146767,1188,1707,2895,12.053349,12.164642,85.75,9.833389,1,0,1,0,0,99
101,2011-04-11,2,0,4,0,1,1,2,0.595652,0.565217,0.716956,0.324474,855,2493,3348,19.995644,21.304322,71.6956,21.739758,1,0,1,0,0,100
102,2011-04-12,2,0,4,0,2,1,2,0.5025,0.493054,0.739167,0.274879,257,1777,2034,15.6175,16.541564,73.9167,18.416893,1,0,1,0,0,101
103,2011-04-13,2,0,4,0,3,1,2,0.4125,0.417283,0.819167,0.250617,209,1953,2162,11.3875,11.540678,81.9167,16.791339,1,0,1,0,0,102
104,2011-04-14,2,0,4,0,4,1,1,0.4675,0.462742,0.540417,0.1107,529,2738,3267,13.9725,14.540972,54.0417,7.4169,0,0,1,0,0,103
105,2011-04-15,2,0,4,1,5,0,1,0.446667,0.441913,0.67125,0.226375,642,2484,3126,12.993349,13.166258,67.125,15.167125,0,0,1,0,0,104
106,2011-04-16,2,0,4,0,6,0,3,0.430833,0.425492,0.888333,0.340808,121,674,795,12.249151,12.082472,88.8333,22.834136,0,1,1,0,0,105
107,2011-04-17,2,0,4,0,0,0,1,0.456667,0.445696,0.479583,0.303496,1558,2186,3744,13.463349,13.415936,47.9583,20.334232,0,0,1,0,0,106
108,2011-04-18,2,0,4,0,1,1,1,0.5125,0.503146,0.5425,0.163567,669,2760,3429,16.0875,17.207636,54.25,10.958989,0,0,1,0,0,107
109,2011-04-19,2,0,4,0,2,1,2,0.505833,0.489258,0.665833,0.157971,409,2795,3204,15.774151,16.291028,66.5833,10.584057,1,0,1,0,0,108
110,2011-04-20,2,0,4,0,3,1,1,0.595,0.564392,0.614167,0.241925,613,3331,3944,19.965,21.249872,61.4167,16.208975,0,0,1,0,0,109
111,2011-04-21,2,0,4,0,4,1,1,0.459167,0.453892,0.407083,0.325258,745,3444,4189,13.580849,13.956872,40.7083,21.792286,0,0,1,0,0,110
112,2011-04-22,2,0,4,0,5,1,2,0.336667,0.321954,0.729583,0.219521,177,1506,1683,7.823349,5.248964,72.9583,14.707907,1,0,1,0,0,111
113,2011-04-23,2,0,4,0,6,0,2,0.46,0.450121,0.887917,0.230725,1462,2574,4036,13.62,13.707986,88.7917,15.458575,1,0,1,0,0,112
114,2011-04-24,2,0,4,0,0,0,2,0.581667,0.551763,0.810833,0.192175,1710,2481,4191,19.338349,20.416358,81.0833,12.875725,1,0,1,0,0,113
115,2011-04-25,2,0,4,0,1,1,1,0.606667,0.5745,0.776667,0.185333,773,3300,4073,20.513349,21.917,77.6667,12.417311,0,0,1,0,0,114
116,2011-04-26,2,0,4,0,2,1,1,0.631667,0.594083,0.729167,0.3265,678,3722,4400,21.688349,23.209478,72.9167,21.8755,0,0,1,0,0,115
117,2011-04-27,2,0,4,0,3,1,2,0.62,0.575142,0.835417,0.3122,547,3325,3872,21.14,21.959372,83.5417,20.9174,1,0,1,0,0,116
118,2011-04-28,2,0,4,0,4,1,2,0.6175,0.578929,0.700833,0.320908,569,3489,4058,21.0225,22.209314,70.0833,21.500836,1,0,1,0,0,117
119,2011-04-29,2,0,4,0,5,1,1,0.51,0.497463,0.457083,0.240063,878,3717,4595,15.97,16.832558,45.7083,16.084221,0,0,1,0,0,118
120,2011-04-30,2,0,4,0,6,0,1,0.4725,0.464021,0.503333,0.235075,1965,3347,5312,14.2075,14.625386,50.3333,15.750025,0,0,1,0,0,119
121,2011-05-01,2,0,5,0,0,0,2,0.451667,0.448204,0.762083,0.106354,1138,2213,3351,13.228349,13.581464,76.2083,7.125718,1,0,1,0,0,120
122,2011-05-02,2,0,5,0,1,1,2,0.549167,0.532833,0.73,0.183454,847,3554,4401,17.810849,19.166978,73,12.291418,1,0,1,0,0,121
123,2011-05-03,2,0,5,0,2,1,2,0.616667,0.582079,0.697083,0.342667,603,3848,4451,20.983349,22.417214,69.7083,22.958689,1,0,1,0,0,122
124,2011-05-04,2,0,5,0,3,1,2,0.414167,0.40465,0.737083,0.328996,255,2378,2633,11.465849,10.7069,73.7083,22.042732,1,0,1,0,0,123
125,2011-05-05,2,0,5,0,4,1,1,0.459167,0.441917,0.444167,0.295392,614,3819,4433,13.580849,13.166522,44.4167,19.791264,0,0,1,0,0,124
126,2011-05-06,2,0,5,0,5,1,1,0.479167,0.474117,0.59,0.228246,894,3714,4608,14.520849,15.291722,59,15.292482,0,0,1,0,0,125
127,2011-05-07,2,0,5,0,6,0,1,0.52,0.512621,0.54125,0.16045,1612,3102,4714,16.44,17.832986,54.125,10.75015,0,0,1,0,0,126
128,2011-05-08,2,0,5,0,0,0,1,0.528333,0.518933,0.631667,0.0746375,1401,2932,4333,16.831651,18.249578,63.1667,5.0007125,0,0,1,0,0,127
129,2011-05-09,2,0,5,0,1,1,1,0.5325,0.525246,0.58875,0.176,664,3698,4362,17.0275,18.666236,58.875,11.792,0,0,1,0,0,128
130,2011-05-10,2,0,5,0,2,1,1,0.5325,0.522721,0.489167,0.115671,694,4109,4803,17.0275,18.499586,48.9167,7.749957,0,0,1,0,0,129
131,2011-05-11,2,0,5,0,3,1,1,0.5425,0.5284,0.632917,0.120642,550,3632,4182,17.4975,18.8744,63.2917,8.083014,0,0,1,0,0,130
132,2011-05-12,2,0,5,0,4,1,1,0.535,0.523363,0.7475,0.189667,695,4169,4864,17.145,18.541958,74.75,12.707689,0,0,1,0,0,131
133,2011-05-13,2,0,5,0,5,1,2,0.5125,0.4943,0.863333,0.179725,692,3413,4105,16.0875,16.6238,86.3333,12.041575,1,0,1,0,0,132
134,2011-05-14,2,0,5,0,6,0,2,0.520833,0.500629,0.9225,0.13495,902,2507,3409,16.479151,17.041514,92.25,9.04165,1,0,1,0,0,133
135,2011-05-15,2,0,5,0,0,0,2,0.5625,0.536,0.867083,0.152979,1582,2971,4553,18.4375,19.376,86.7083,10.249593,1,0,1,0,0,134
136,2011-05-16,2,0,5,0,1,1,1,0.5775,0.550512,0.787917,0.126871,773,3185,3958,19.1425,20.333792,78.7917,8.500357,0,0,1,0,0,135
137,2011-05-17,2,0,5,0,2,1,2,0.561667,0.538529,0.837917,0.277354,678,3445,4123,18.398349,19.542914,83.7917,18.582718,1,0,1,0,0,136
138,2011-05-18,2,0,5,0,3,1,2,0.55,0.527158,0.87,0.201492,536,3319,3855,17.85,18.792428,87,13.499964,1,0,1,0,0,137
139,2011-05-19,2,0,5,0,4,1,2,0.530833,0.510742,0.829583,0.108213,735,3840,4575,16.949151,17.708972,82.9583,7.250271,1,0,1,0,0,138
140,2011-05-20,2,0,5,0,5,1,1,0.536667,0.529042,0.719583,0.125013,909,4008,4917,17.223349,18.916772,71.9583,8.375871,0,0,1,0,0,139
141,2011-05-21,2,0,5,0,6,0,1,0.6025,0.571975,0.626667,0.12065,2258,3547,5805,20.3175,21.75035,62.6667,8.08355,0,0,1,0,0,140
142,2011-05-22,2,0,5,0,0,0,1,0.604167,0.5745,0.749583,0.148008,1576,3084,4660,20.395849,21.917,74.9583,9.916536,0,0,1,0,0,141
143,2011-05-23,2,0,5,0,1,1,2,0.631667,0.590296,0.81,0.233842,836,3438,4274,21.688349,22.959536,81,15.667414,1,0,1,0,0,142
144,2011-05-24,2,0,5,0,2,1,2,0.66,0.604813,0.740833,0.207092,659,3833,4492,23.02,23.917658,74.0833,13.875164,1,0,1,0,0,143
145,2011-05-25,2,0,5,0,3,1,1,0.660833,0.615542,0.69625,0.154233,740,4238,4978,23.059151,24.625772,69.625,10.333611,0,0,1,0,0,144
146,2011-05-26,2,0,5,0,4,1,1,0.708333,0.654688,0.6775,0.199642,758,3919,4677,25.291651,27.209408,67.75,13.376014,0,0,1,0,0,145
147,2011-05-27,2,0,5,0,5,1,1,0.681667,0.637008,0.65375,0.240679,871,3808,4679,24.038349,26.042528,65.375,16.125493,0,0,1,0,0,146
148,2011-05-28,2,0,5,0,6,0,1,0.655833,0.612379,0.729583,0.230092,2001,2757,4758,22.824151,24.417014,72.9583,15.416164,0,0,1,0,0,147
149,2011-05-29,2,0,5,0,0,0,1,0.6675,0.61555,0.81875,0.213938,2355,2433,4788,23.3725,24.6263,81.875,14.333846,0,0,1,0,0,148
150,2011-05-30,2,0,5,1,1,0,1,0.733333,0.671092,0.685,0.131225,1549,2549,4098,26.466651,28.292072,68.5,8.792075,0,0,1,0,0,149
151,2011-05-31,2,0,5,0,2,1,1,0.775,0.725383,0.636667,0.111329,673,3309,3982,28.425,31.875278,63.6667,7.459043,0,0,1,0,0,150
152,2011-06-01,2,0,6,0,3,1,2,0.764167,0.720967,0.677083,0.207092,513,3461,3974,27.915849,31.583822,67.7083,13.875164,1,0,1,0,0,151
153,2011-06-02,2,0,6,0,4,1,1,0.715,0.643942,0.305,0.292287,736,4232,4968,25.605,26.500172,30.5,19.583229,0,0,1,0,0,152
154,2011-06-03,2,0,6,0,5,1,1,0.62,0.587133,0.354167,0.253121,898,4414,5312,21.14,22.750778,35.4167,16.959107,0,0,1,0,0,153
155,2011-06-04,2,0,6,0,6,0,1,0.635,0.594696,0.45625,0.123142,1869,3473,5342,21.845,23.249936,45.625,8.250514,0,0,1,0,0,154
156,2011-06-05,2,0,6,0,0,0,2,0.648333,0.616804,0.6525,0.138692,1685,3221,4906,22.471651,24.709064,65.25,9.292364,1,0,1,0,0,155
157,2011-06-06,2,0,6,0,1,1,1,0.678333,0.621858,0.6,0.121896,673,3875,4548,23.881651,25.042628,60,8.167032,0,0,1,0,0,156
158,2011-06-07,2,0,6,0,2,1,1,0.7075,0.65595,0.597917,0.187808,763,4070,4833,25.2525,27.2927,59.7917,12.583136,0,0,1,0,0,157
159,2011-06-08,2,0,6,0,3,1,1,0.775833,0.727279,0.622083,0.136817,676,3725,4401,28.464151,32.000414,62.2083,9.166739,0,0,1,0,0,158
160,2011-06-09,2,0,6,0,4,1,2,0.808333,0.757579,0.568333,0.149883,563,3352,3915,29.991651,34.000214,56.8333,10.042161,1,0,1,0,0,159
161,2011-06-10,2,0,6,0,5,1,1,0.755,0.703292,0.605,0.140554,815,3771,4586,27.485,30.417272,60.5,9.417118,0,0,1,0,0,160
162,2011-06-11,2,0,6,0,6,0,1,0.725,0.678038,0.654583,0.15485,1729,3237,4966,26.075,28.750508,65.4583,10.37495,0,0,1,0,0,161
163,2011-06-12,2,0,6,0,0,0,1,0.6925,0.643325,0.747917,0.163567,1467,2993,4460,24.5475,26.45945,74.7917,10.958989,0,0,1,0,0,162
164,2011-06-13,2,0,6,0,1,1,1,0.635,0.601654,0.494583,0.30535,863,4157,5020,21.845,23.709164,49.4583,20.45845,0,0,1,0,0,163
165,2011-06-14,2,0,6,0,2,1,1,0.604167,0.591546,0.507083,0.269283,727,4164,4891,20.395849,23.042036,50.7083,18.041961,0,0,1,0,0,164
166,2011-06-15,2,0,6,0,3,1,1,0.626667,0.587754,0.471667,0.167912,769,4411,5180,21.453349,22.791764,47.1667,11.250104,0,0,1,0,0,165
167,2011-06-16,2,0,6,0,4,1,2,0.628333,0.595346,0.688333,0.206471,545,3222,3767,21.531651,23.292836,68.8333,13.833557,1,0,1,0,0,166
168,2011-06-17,2,0,6,0,5,1,1,0.649167,0.600383,0.735833,0.143029,863,3981,4844,22.510849,23.625278,73.5833,9.582943,0,0,1,0,0,167
169,2011-06-18,2,0,6,0,6,0,1,0.696667,0.643954,0.670417,0.119408,1807,3312,5119,24.743349,26.500964,67.0417,8.000336,0,0,1,0,0,168
170,2011-06-19,2,0,6,0,0,0,2,0.699167,0.645846,0.666667,0.102,1639,3105,4744,24.860849,26.625836,66.6667,6.834,1,0,1,0,0,169
171,2011-06-20,2,0,6,0,1,1,2,0.635,0.595346,0.74625,0.155475,699,3311,4010,21.845,23.292836,74.625,10.416825,1,0,1,0,0,170
172,2011-06-21,3,0,6,0,2,1,2,0.680833,0.637646,0.770417,0.171025,774,4061,4835,23.999151,26.084636,77.0417,11.458675,1,0,0,1,0,171
173,2011-06-22,3,0,6,0,3,1,1,0.733333,0.693829,0.7075,0.172262,661,3846,4507,26.466651,29.792714,70.75,11.541554,0,0,0,1,0,172
174,2011-06-23,3,0,6,0,4,1,2,0.728333,0.693833,0.703333,0.238804,746,4044,4790,26.231651,29.792978,70.3333,15.999868,1,0,0,1,0,173
175,2011-06-24,3,0,6,0,5,1,1,0.724167,0.656583,0.573333,0.222025,969,4022,4991,26.035849,27.334478,57.3333,14.875675,0,0,0,1,0,174
176,2011-06-25,3,0,6,0,6,0,1,0.695,0.643313,0.483333,0.209571,1782,3420,5202,24.665,26.458658,48.3333,14.041257,0,0,0,1,0,175
177,2011-06-26,3,0,6,0,0,0,1,0.68,0.637629,0.513333,0.0945333,1920,3385,5305,23.96,26.083514,51.3333,6.3337311,0,0,0,1,0,176
178,2011-06-27,3,0,6,0,1,1,2,0.6825,0.637004,0.658333,0.107588,854,3854,4708,24.0775,26.042264,65.8333,7.208396,1,0,0,1,0,177
179,2011-06-28,3,0,6,0,2,1,1,0.744167,0.692558,0.634167,0.144283,732,3916,4648,26.975849,29.708828,63.4167,9.666961,0,0,0,1,0,178
180,2011-06-29,3,0,6,0,3,1,1,0.728333,0.654688,0.497917,0.261821,848,4377,5225,26.231651,27.209408,49.7917,17.542007,0,0,0,1,0,179
181,2011-06-30,3,0,6,0,4,1,1,0.696667,0.637008,0.434167,0.185312,1027,4488,5515,24.743349,26.042528,43.4167,12.415904,0,0,0,1,0,180
182,2011-07-01,3,0,7,0,5,1,1,0.7225,0.652162,0.39625,0.102608,1246,4116,5362,25.9575,27.042692,39.625,6.874736,0,0,0,1,0,181
183,2011-07-02,3,0,7,0,6,0,1,0.738333,0.667308,0.444583,0.115062,2204,2915,5119,26.701651,28.042328,44.4583,7.709154,0,0,0,1,0,182
184,2011-07-03,3,0,7,0,0,0,2,0.716667,0.668575,0.6825,0.228858,2282,2367,4649,25.683349,28.12595,68.25,15.333486,1,0,0,1,0,183
185,2011-07-04,3,0,7,1,1,0,2,0.726667,0.665417,0.637917,0.0814792,3065,2978,6043,26.153349,27.917522,63.7917,5.4591064,1,0,0,1,0,184
186,2011-07-05,3,0,7,0,2,1,1,0.746667,0.696338,0.590417,0.126258,1031,3634,4665,27.093349,29.958308,59.0417,8.459286,0,0,0,1,0,185
187,2011-07-06,3,0,7,0,3,1,1,0.72,0.685633,0.743333,0.149883,784,3845,4629,25.84,29.251778,74.3333,10.042161,0,0,0,1,0,186
188,2011-07-07,3,0,7,0,4,1,1,0.75,0.686871,0.65125,0.1592,754,3838,4592,27.25,29.333486,65.125,10.6664,0,0,0,1,0,187
189,2011-07-08,3,0,7,0,5,1,2,0.709167,0.670483,0.757917,0.225129,692,3348,4040,25.330849,28.251878,75.7917,15.083643,1,0,0,1,0,188
190,2011-07-09,3,0,7,0,6,0,1,0.733333,0.664158,0.609167,0.167912,1988,3348,5336,26.466651,27.834428,60.9167,11.250104,0,0,0,1,0,189
191,2011-07-10,3,0,7,0,0,0,1,0.7475,0.690025,0.578333,0.183471,1743,3138,4881,27.1325,29.54165,57.8333,12.292557,0,0,0,1,0,190
192,2011-07-11,3,0,7,0,1,1,1,0.7625,0.729804,0.635833,0.282337,723,3363,4086,27.8375,32.167064,63.5833,18.916579,0,0,0,1,0,191
193,2011-07-12,3,0,7,0,2,1,1,0.794167,0.739275,0.559167,0.200254,662,3596,4258,29.325849,32.79215,55.9167,13.417018,0,0,0,1,0,192
194,2011-07-13,3,0,7,0,3,1,1,0.746667,0.689404,0.631667,0.146133,748,3594,4342,27.093349,29.500664,63.1667,9.790911,0,0,0,1,0,193
195,2011-07-14,3,0,7,0,4,1,1,0.680833,0.635104,0.47625,0.240667,888,4196,5084,23.999151,25.916864,47.625,16.124689,0,0,0,1,0,194
196,2011-07-15,3,0,7,0,5,1,1,0.663333,0.624371,0.59125,0.182833,1318,4220,5538,23.176651,25.208486,59.125,12.249811,0,0,0,1,0,195
197,2011-07-16,3,0,7,0,6,0,1,0.686667,0.638263,0.585,0.208342,2418,3505,5923,24.273349,26.125358,58.5,13.958914,0,0,0,1,0,196
198,2011-07-17,3,0,7,0,0,0,1,0.719167,0.669833,0.604167,0.245033,2006,3296,5302,25.800849,28.208978,60.4167,16.417211,0,0,0,1,0,197
199,2011-07-18,3,0,7,0,1,1,1,0.746667,0.703925,0.65125,0.215804,841,3617,4458,27.093349,30.45905,65.125,14.458868,0,0,0,1,0,198
200,2011-07-19,3,0,7,0,2,1,1,0.776667,0.747479,0.650417,0.1306,752,3789,4541,28.503349,33.333614,65.0417,8.7502,0,0,0,1,0,199
201,2011-07-20,3,0,7,0,3,1,1,0.768333,0.74685,0.707083,0.113817,644,3688,4332,28.111651,33.2921,70.7083,7.625739,0,0,0,1,0,200
202,2011-07-21,3,0,7,0,4,1,2,0.815,0.826371,0.69125,0.222021,632,3152,3784,30.305,38.540486,69.125,14.875407,1,0,0,1,0,201
203,2011-07-22,3,0,7,0,5,1,1,0.848333,0.840896,0.580417,0.1331,562,2825,3387,31.871651,39.499136,58.0417,8.9177,0,0,0,1,0,202
204,2011-07-23,3,0,7,0,6,0,1,0.849167,0.804287,0.5,0.131221,987,2298,3285,31.910849,37.082942,50,8.791807,0,0,0,1,0,203
205,2011-07-24,3,0,7,0,0,0,1,0.83,0.794829,0.550833,0.169171,1050,2556,3606,31.01,36.458714,55.0833,11.334457,0,0,0,1,0,204
206,2011-07-25,3,0,7,0,1,1,1,0.743333,0.720958,0.757083,0.0908083,568,3272,3840,26.936651,31.583228,75.7083,6.0841561,0,0,0,1,0,205
207,2011-07-26,3,0,7,0,2,1,1,0.771667,0.696979,0.540833,0.200258,750,3840,4590,28.268349,30.000614,54.0833,13.417286,0,0,0,1,0,206
208,2011-07-27,3,0,7,0,3,1,1,0.775,0.690667,0.402917,0.183463,755,3901,4656,28.425,29.584022,40.2917,12.292021,0,0,0,1,0,207
209,2011-07-28,3,0,7,0,4,1,1,0.779167,0.7399,0.583333,0.178479,606,3784,4390,28.620849,32.8334,58.3333,11.958093,0,0,0,1,0,208
210,2011-07-29,3,0,7,0,5,1,1,0.838333,0.785967,0.5425,0.174138,670,3176,3846,31.401651,35.873822,54.25,11.667246,0,0,0,1,0,209
211,2011-07-30,3,0,7,0,6,0,1,0.804167,0.728537,0.465833,0.168537,1559,2916,4475,29.795849,32.083442,46.5833,11.291979,0,0,0,1,0,210
212,2011-07-31,3,0,7,0,0,0,1,0.805833,0.729796,0.480833,0.164813,1524,2778,4302,29.874151,32.166536,48.0833,11.042471,0,0,0,1,0,211
213,2011-08-01,3,0,8,0,1,1,1,0.771667,0.703292,0.550833,0.156717,729,3537,4266,28.268349,30.417272,55.0833,10.500039,0,0,0,1,0,212
214,2011-08-02,3,0,8,0,2,1,1,0.783333,0.707071,0.49125,0.20585,801,4044,4845,28.816651,30.666686,49.125,13.79195,0,0,0,1,0,213
215,2011-08-03,3,0,8,0,3,1,2,0.731667,0.679937,0.6575,0.135583,467,3107,3574,26.388349,28.875842,65.75,9.084061,1,0,0,1,0,214
216,2011-08-04,3,0,8,0,4,1,2,0.71,0.664788,0.7575,0.19715,799,3777,4576,25.37,27.876008,75.75,13.20905,1,0,0,1,0,215
217,2011-08-05,3,0,8,0,5,1,1,0.710833,0.656567,0.630833,0.184696,1023,3843,4866,25.409151,27.333422,63.0833,12.374632,0,0,0,1,0,216
218,2011-08-06,3,0,8,0,6,0,2,0.716667,0.676154,0.755,0.22825,1521,2773,4294,25.683349,28.626164,75.5,15.29275,1,0,0,1,0,217
219,2011-08-07,3,0,8,0,0,0,1,0.7425,0.715292,0.752917,0.201487,1298,2487,3785,26.8975,31.209272,75.2917,13.499629,0,0,0,1,0,218
220,2011-08-08,3,0,8,0,1,1,1,0.765,0.703283,0.592083,0.192175,846,3480,4326,27.955,30.416678,59.2083,12.875725,0,0,0,1,0,219
221,2011-08-09,3,0,8,0,2,1,1,0.775,0.724121,0.570417,0.151121,907,3695,4602,28.425,31.791986,57.0417,10.125107,0,0,0,1,0,220
222,2011-08-10,3,0,8,0,3,1,1,0.766667,0.684983,0.424167,0.200258,884,3896,4780,28.033349,29.208878,42.4167,13.417286,0,0,0,1,0,221
223,2011-08-11,3,0,8,0,4,1,1,0.7175,0.651521,0.42375,0.164796,812,3980,4792,25.7225,27.000386,42.375,11.041332,0,0,0,1,0,222
224,2011-08-12,3,0,8,0,5,1,1,0.708333,0.654042,0.415,0.125621,1051,3854,4905,25.291651,27.166772,41.5,8.416607,0,0,0,1,0,223
225,2011-08-13,3,0,8,0,6,0,2,0.685833,0.645858,0.729583,0.211454,1504,2646,4150,24.234151,26.626628,72.9583,14.167418,1,0,0,1,0,224
226,2011-08-14,3,0,8,0,0,0,2,0.676667,0.624388,0.8175,0.222633,1338,2482,3820,23.803349,25.209608,81.75,14.916411,1,0,0,1,0,225
227,2011-08-15,3,0,8,0,1,1,1,0.665833,0.616167,0.712083,0.208954,775,3563,4338,23.294151,24.667022,71.2083,13.999918,0,0,0,1,0,226
228,2011-08-16,3,0,8,0,2,1,1,0.700833,0.645837,0.578333,0.236329,721,4004,4725,24.939151,26.625242,57.8333,15.834043,0,0,0,1,0,227
229,2011-08-17,3,0,8,0,3,1,1,0.723333,0.666671,0.575417,0.143667,668,4026,4694,25.996651,28.000286,57.5417,9.625689,0,0,0,1,0,228
230,2011-08-18,3,0,8,0,4,1,1,0.711667,0.662258,0.654583,0.233208,639,3166,3805,25.448349,27.709028,65.4583,15.624936,0,0,0,1,0,229
231,2011-08-19,3,0,8,0,5,1,2,0.685,0.633221,0.722917,0.139308,797,3356,4153,24.195,25.792586,72.2917,9.333636,1,0,0,1,0,230
232,2011-08-20,3,0,8,0,6,0,1,0.6975,0.648996,0.674167,0.104467,1914,3277,5191,24.7825,26.833736,67.4167,6.999289,0,0,0,1,0,231
233,2011-08-21,3,0,8,0,0,0,1,0.710833,0.675525,0.77,0.248754,1249,2624,3873,25.409151,28.58465,77,16.666518,0,0,0,1,0,232
234,2011-08-22,3,0,8,0,1,1,1,0.691667,0.638254,0.47,0.27675,833,3925,4758,24.508349,26.124764,47,18.54225,0,0,0,1,0,233
235,2011-08-23,3,0,8,0,2,1,1,0.640833,0.606067,0.455417,0.146763,1281,4614,5895,22.119151,24.000422,45.5417,9.833121,0,0,0,1,0,234
236,2011-08-24,3,0,8,0,3,1,1,0.673333,0.630692,0.605,0.253108,949,4181,5130,23.646651,25.625672,60.5,16.958236,0,0,0,1,0,235
237,2011-08-25,3,0,8,0,4,1,2,0.684167,0.645854,0.771667,0.210833,435,3107,3542,24.155849,26.626364,77.1667,14.125811,1,0,0,1,0,236
238,2011-08-26,3,0,8,0,5,1,1,0.7,0.659733,0.76125,0.0839625,768,3893,4661,24.9,27.542378,76.125,5.6254875,0,0,0,1,0,237
239,2011-08-27,3,0,8,0,6,0,2,0.68,0.635556,0.85,0.375617,226,889,1115,23.96,25.946696,85,25.166339,1,0,0,1,0,238
240,2011-08-28,3,0,8,0,0,0,1,0.707059,0.647959,0.561765,0.304659,1415,2919,4334,25.231773,26.765294,56.1765,20.412153,0,0,0,1,0,239
241,2011-08-29,3,0,8,0,1,1,1,0.636667,0.607958,0.554583,0.159825,729,3905,4634,21.923349,24.125228,55.4583,10.708275,0,0,0,1,0,240
242,2011-08-30,3,0,8,0,2,1,1,0.639167,0.594704,0.548333,0.125008,775,4429,5204,22.040849,23.250464,54.8333,8.375536,0,0,0,1,0,241
243,2011-08-31,3,0,8,0,3,1,1,0.656667,0.611121,0.597917,0.0833333,688,4370,5058,22.863349,24.333986,59.7917,5.5833311,0,0,0,1,0,242
244,2011-09-01,3,0,9,0,4,1,1,0.655,0.614921,0.639167,0.141796,783,4332,5115,22.785,24.584786,63.9167,9.500332,0,0,0,1,0,243
245,2011-09-02,3,0,9,0,5,1,2,0.643333,0.604808,0.727083,0.139929,875,3852,4727,22.236651,23.917328,72.7083,9.375243,1,0,0,1,0,244
246,2011-09-03,3,0,9,0,6,0,1,0.669167,0.633213,0.716667,0.185325,1935,2549,4484,23.450849,25.792058,71.6667,12.416775,0,0,0,1,0,245
247,2011-09-04,3,0,9,0,0,0,1,0.709167,0.665429,0.742083,0.206467,2521,2419,4940,25.330849,27.918314,74.2083,13.833289,0,0,0,1,0,246
248,2011-09-05,3,0,9,1,1,0,2,0.673333,0.625646,0.790417,0.212696,1236,2115,3351,23.646651,25.292636,79.0417,14.250632,1,0,0,1,0,247
249,2011-09-06,3,0,9,0,2,1,3,0.54,0.5152,0.886957,0.343943,204,2506,2710,17.38,18.0032,88.6957,23.044181,0,1,0,1,0,248
250,2011-09-07,3,0,9,0,3,1,3,0.599167,0.544229,0.917083,0.0970208,118,1878,1996,20.160849,19.919114,91.7083,6.5003936,0,1,0,1,0,249
251,2011-09-08,3,0,9,0,4,1,3,0.633913,0.555361,0.939565,0.192748,153,1689,1842,21.793911,20.653826,93.9565,12.914116,0,1,0,1,0,250
252,2011-09-09,3,0,9,0,5,1,2,0.65,0.578946,0.897917,0.124379,417,3127,3544,22.55,22.210436,89.7917,8.333393,1,0,0,1,0,251
253,2011-09-10,3,0,9,0,6,0,1,0.66,0.607962,0.75375,0.153608,1750,3595,5345,23.02,24.125492,75.375,10.291736,0,0,0,1,0,252
254,2011-09-11,3,0,9,0,0,0,1,0.653333,0.609229,0.71375,0.115054,1633,3413,5046,22.706651,24.209114,71.375,7.708618,0,0,0,1,0,253
255,2011-09-12,3,0,9,0,1,1,1,0.644348,0.60213,0.692174,0.088913,690,4023,4713,22.284356,23.74058,69.2174,5.957171,0,0,0,1,0,254
256,2011-09-13,3,0,9,0,2,1,1,0.650833,0.603554,0.7125,0.141804,701,4062,4763,22.589151,23.834564,71.25,9.500868,0,0,0,1,0,255
257,2011-09-14,3,0,9,0,3,1,1,0.673333,0.6269,0.697083,0.1673,647,4138,4785,23.646651,25.3754,69.7083,11.2091,0,0,0,1,0,256
258,2011-09-15,3,0,9,0,4,1,2,0.5775,0.553671,0.709167,0.271146,428,3231,3659,19.1425,20.542286,70.9167,18.166782,1,0,0,1,0,257
259,2011-09-16,3,0,9,0,5,1,2,0.469167,0.461475,0.590417,0.164183,742,4018,4760,14.050849,14.45735,59.0417,11.000261,1,0,0,1,0,258
260,2011-09-17,3,0,9,0,6,0,2,0.491667,0.478512,0.718333,0.189675,1434,3077,4511,15.108349,15.581792,71.8333,12.708225,1,0,0,1,0,259
261,2011-09-18,3,0,9,0,0,0,1,0.5075,0.490537,0.695,0.178483,1353,2921,4274,15.8525,16.375442,69.5,11.958361,0,0,0,1,0,260
262,2011-09-19,3,0,9,0,1,1,2,0.549167,0.529675,0.69,0.151742,691,3848,4539,17.810849,18.95855,69,10.166714,1,0,0,1,0,261
263,2011-09-20,3,0,9,0,2,1,2,0.561667,0.532217,0.88125,0.134954,438,3203,3641,18.398349,19.126322,88.125,9.041918,1,0,0,1,0,262
264,2011-09-21,3,0,9,0,3,1,2,0.595,0.550533,0.9,0.0964042,539,3813,4352,19.965,20.335178,90,6.4590814,1,0,0,1,0,263
265,2011-09-22,3,0,9,0,4,1,2,0.628333,0.554963,0.902083,0.128125,555,4240,4795,21.531651,20.627558,90.2083,8.584375,1,0,0,1,0,264
266,2011-09-23,4,0,9,0,5,1,2,0.609167,0.522125,0.9725,0.0783667,258,2137,2395,20.630849,18.46025,97.25,5.2505689,1,0,0,0,1,265
267,2011-09-24,4,0,9,0,6,0,2,0.606667,0.564412,0.8625,0.0783833,1776,3647,5423,20.513349,21.251192,86.25,5.2516811,1,0,0,0,1,266
268,2011-09-25,4,0,9,0,0,0,2,0.634167,0.572637,0.845,0.0503792,1544,3466,5010,21.805849,21.794042,84.5,3.3754064,1,0,0,0,1,267
269,2011-09-26,4,0,9,0,1,1,2,0.649167,0.589042,0.848333,0.1107,684,3946,4630,22.510849,22.876772,84.8333,7.4169,1,0,0,0,1,268
270,2011-09-27,4,0,9,0,2,1,2,0.636667,0.574525,0.885417,0.118171,477,3643,4120,21.923349,21.91865,88.5417,7.917457,1,0,0,0,1,269
271,2011-09-28,4,0,9,0,3,1,2,0.635,0.575158,0.84875,0.148629,480,3427,3907,21.845,21.960428,84.875,9.958143,1,0,0,0,1,270
272,2011-09-29,4,0,9,0,4,1,1,0.616667,0.574512,0.699167,0.172883,653,4186,4839,20.983349,21.917792,69.9167,11.583161,0,0,0,0,1,271
273,2011-09-30,4,0,9,0,5,1,1,0.564167,0.544829,0.6475,0.206475,830,4372,5202,18.515849,19.958714,64.75,13.833825,0,0,0,0,1,272
274,2011-10-01,4,0,10,0,6,0,2,0.41,0.412863,0.75375,0.292296,480,1949,2429,11.27,11.248958,75.375,19.583832,1,0,0,0,1,273
275,2011-10-02,4,0,10,0,0,0,2,0.356667,0.345317,0.791667,0.222013,616,2302,2918,8.763349,6.790922,79.1667,14.874871,1,0,0,0,1,274
276,2011-10-03,4,0,10,0,1,1,2,0.384167,0.392046,0.760833,0.0833458,330,3240,3570,10.055849,9.875036,76.0833,5.5841686,1,0,0,0,1,275
277,2011-10-04,4,0,10,0,2,1,1,0.484167,0.472858,0.71,0.205854,486,3970,4456,14.755849,15.208628,71,13.792218,0,0,0,0,1,276
278,2011-10-05,4,0,10,0,3,1,1,0.538333,0.527138,0.647917,0.17725,559,4267,4826,17.301651,18.791108,64.7917,11.87575,0,0,0,0,1,277
279,2011-10-06,4,0,10,0,4,1,1,0.494167,0.480425,0.620833,0.134954,639,4126,4765,15.225849,15.70805,62.0833,9.041918,0,0,0,0,1,278
280,2011-10-07,4,0,10,0,5,1,1,0.510833,0.504404,0.684167,0.0223917,949,4036,4985,16.009151,17.290664,68.4167,1.5002439,0,0,0,0,1,279
281,2011-10-08,4,0,10,0,6,0,1,0.521667,0.513242,0.70125,0.0454042,2235,3174,5409,16.518349,17.873972,70.125,3.0420814,0,0,0,0,1,280
282,2011-10-09,4,0,10,0,0,0,1,0.540833,0.523983,0.7275,0.06345,2397,3114,5511,17.419151,18.582878,72.75,4.25115,0,0,0,0,1,281
283,2011-10-10,4,0,10,1,1,0,1,0.570833,0.542925,0.73375,0.0423042,1514,3603,5117,18.829151,19.83305,73.375,2.8343814,0,0,0,0,1,282
284,2011-10-11,4,0,10,0,2,1,2,0.566667,0.546096,0.80875,0.143042,667,3896,4563,18.633349,20.042336,80.875,9.583814,1,0,0,0,1,283
285,2011-10-12,4,0,10,0,3,1,3,0.543333,0.517717,0.90625,0.24815,217,2199,2416,17.536651,18.169322,90.625,16.62605,0,1,0,0,1,284
286,2011-10-13,4,0,10,0,4,1,2,0.589167,0.551804,0.896667,0.141787,290,2623,2913,19.690849,20.419064,89.6667,9.499729,1,0,0,0,1,285
287,2011-10-14,4,0,10,0,5,1,2,0.550833,0.529675,0.71625,0.223883,529,3115,3644,17.889151,18.95855,71.625,15.000161,1,0,0,0,1,286
288,2011-10-15,4,0,10,0,6,0,1,0.506667,0.498725,0.483333,0.258083,1899,3318,5217,15.813349,16.91585,48.3333,17.291561,0,0,0,0,1,287
289,2011-10-16,4,0,10,0,0,0,1,0.511667,0.503154,0.486667,0.281717,1748,3293,5041,16.048349,17.208164,48.6667,18.875039,0,0,0,0,1,288
290,2011-10-17,4,0,10,0,1,1,1,0.534167,0.510725,0.579583,0.175379,713,3857,4570,17.105849,17.70785,57.9583,11.750393,0,0,0,0,1,289
291,2011-10-18,4,0,10,0,2,1,2,0.5325,0.522721,0.701667,0.110087,637,4111,4748,17.0275,18.499586,70.1667,7.375829,1,0,0,0,1,290
292,2011-10-19,4,0,10,0,3,1,3,0.541739,0.513848,0.895217,0.243339,254,2170,2424,17.461733,17.913968,89.5217,16.303713,0,1,0,0,1,291
293,2011-10-20,4,0,10,0,4,1,1,0.475833,0.466525,0.63625,0.422275,471,3724,4195,14.364151,14.79065,63.625,28.292425,0,0,0,0,1,292
294,2011-10-21,4,0,10,0,5,1,1,0.4275,0.423596,0.574167,0.221396,676,3628,4304,12.0925,11.957336,57.4167,14.833532,0,0,0,0,1,293
295,2011-10-22,4,0,10,0,6,0,1,0.4225,0.425492,0.629167,0.0926667,1499,2809,4308,11.8575,12.082472,62.9167,6.2086689,0,0,0,0,1,294
296,2011-10-23,4,0,10,0,0,0,1,0.421667,0.422333,0.74125,0.0995125,1619,2762,4381,11.818349,11.873978,74.125,6.6673375,0,0,0,0,1,295
297,2011-10-24,4,0,10,0,1,1,1,0.463333,0.457067,0.772083,0.118792,699,3488,4187,13.776651,14.166422,77.2083,7.959064,0,0,0,0,1,296
298,2011-10-25,4,0,10,0,2,1,1,0.471667,0.463375,0.622917,0.166658,695,3992,4687,14.168349,14.58275,62.2917,11.166086,0,0,0,0,1,297
299,2011-10-26,4,0,10,0,3,1,2,0.484167,0.472846,0.720417,0.148642,404,3490,3894,14.755849,15.207836,72.0417,9.959014,1,0,0,0,1,298
300,2011-10-27,4,0,10,0,4,1,2,0.47,0.457046,0.812917,0.197763,240,2419,2659,14.09,14.165036,81.2917,13.250121,1,0,0,0,1,299
301,2011-10-28,4,0,10,0,5,1,2,0.330833,0.318812,0.585833,0.229479,456,3291,3747,7.549151,5.041592,58.5833,15.375093,1,0,0,0,1,300
302,2011-10-29,4,0,10,0,6,0,3,0.254167,0.227913,0.8825,0.351371,57,570,627,3.945849,-0.957742,88.25,23.541857,0,1,0,0,1,301
303,2011-10-30,4,0,10,0,0,0,1,0.319167,0.321329,0.62375,0.176617,885,2446,3331,7.000849,5.207714,62.375,11.833339,0,0,0,0,1,302
304,2011-10-31,4,0,10,0,1,1,1,0.34,0.356063,0.703333,0.10635,362,3307,3669,7.98,7.500158,70.3333,7.12545,0,0,0,0,1,303
305,2011-11-01,4,0,11,0,2,1,1,0.400833,0.397088,0.68375,0.135571,410,3658,4068,10.839151,10.207808,68.375,9.083257,0,0,0,0,1,304
306,2011-11-02,4,0,11,0,3,1,1,0.3775,0.390133,0.71875,0.0820917,370,3816,4186,9.7425,9.748778,71.875,5.5001439,0,0,0,0,1,305
307,2011-11-03,4,0,11,0,4,1,1,0.408333,0.405921,0.702083,0.136817,318,3656,3974,11.191651,10.790786,70.2083,9.166739,0,0,0,0,1,306
308,2011-11-04,4,0,11,0,5,1,2,0.403333,0.403392,0.6225,0.271779,470,3576,4046,10.956651,10.623872,62.25,18.209193,1,0,0,0,1,307
309,2011-11-05,4,0,11,0,6,0,1,0.326667,0.323854,0.519167,0.189062,1156,2770,3926,7.353349,5.374364,51.9167,12.667154,0,0,0,0,1,308
310,2011-11-06,4,0,11,0,0,0,1,0.348333,0.362358,0.734583,0.0920542,952,2697,3649,8.371651,7.915628,73.4583,6.1676314,0,0,0,0,1,309
311,2011-11-07,4,0,11,0,1,1,1,0.395,0.400871,0.75875,0.057225,373,3662,4035,10.565,10.457486,75.875,3.834075,0,0,0,0,1,310
312,2011-11-08,4,0,11,0,2,1,1,0.408333,0.412246,0.721667,0.0690375,376,3829,4205,11.191651,11.208236,72.1667,4.6255125,0,0,0,0,1,311
313,2011-11-09,4,0,11,0,3,1,1,0.4,0.409079,0.758333,0.0621958,305,3804,4109,10.8,10.999214,75.8333,4.1671186,0,0,0,0,1,312
314,2011-11-10,4,0,11,0,4,1,2,0.38,0.373721,0.813333,0.189067,190,2743,2933,9.86,8.665586,81.3333,12.667489,1,0,0,0,1,313
315,2011-11-11,4,0,11,1,5,0,1,0.324167,0.306817,0.44625,0.314675,440,2928,3368,7.235849,4.249922,44.625,21.083225,0,0,0,0,1,314
316,2011-11-12,4,0,11,0,6,0,1,0.356667,0.357942,0.552917,0.212062,1275,2792,4067,8.763349,7.624172,55.2917,14.208154,0,0,0,0,1,315
317,2011-11-13,4,0,11,0,0,0,1,0.440833,0.43055,0.458333,0.281721,1004,2713,3717,12.719151,12.4163,45.8333,18.875307,0,0,0,0,1,316
318,2011-11-14,4,0,11,0,1,1,1,0.53,0.524612,0.587083,0.306596,595,3891,4486,16.91,18.624392,58.7083,20.541932,0,0,0,0,1,317
319,2011-11-15,4,0,11,0,2,1,2,0.53,0.507579,0.68875,0.199633,449,3746,4195,16.91,17.500214,68.875,13.375411,1,0,0,0,1,318
320,2011-11-16,4,0,11,0,3,1,3,0.456667,0.451988,0.93,0.136829,145,1672,1817,13.463349,13.831208,93,9.167543,0,1,0,0,1,319
321,2011-11-17,4,0,11,0,4,1,2,0.341667,0.323221,0.575833,0.305362,139,2914,3053,8.058349,5.332586,57.5833,20.459254,1,0,0,0,1,320
322,2011-11-18,4,0,11,0,5,1,1,0.274167,0.272721,0.41,0.168533,245,3147,3392,4.885849,1.999586,41,11.291711,0,0,0,0,1,321
323,2011-11-19,4,0,11,0,6,0,1,0.329167,0.324483,0.502083,0.224496,943,2720,3663,7.470849,5.415878,50.2083,15.041232,0,0,0,0,1,322
324,2011-11-20,4,0,11,0,0,0,2,0.463333,0.457058,0.684583,0.18595,787,2733,3520,13.776651,14.165828,68.4583,12.45865,1,0,0,0,1,323
325,2011-11-21,4,0,11,0,1,1,3,0.4475,0.445062,0.91,0.138054,220,2545,2765,13.0325,13.374092,91,9.249618,0,1,0,0,1,324
326,2011-11-22,4,0,11,0,2,1,3,0.416667,0.421696,0.9625,0.118792,69,1538,1607,11.583349,11.831936,96.25,7.959064,0,1,0,0,1,325
327,2011-11-23,4,0,11,0,3,1,2,0.440833,0.430537,0.757917,0.335825,112,2454,2566,12.719151,12.415442,75.7917,22.500275,1,0,0,0,1,326
328,2011-11-24,4,0,11,1,4,0,1,0.373333,0.372471,0.549167,0.167304,560,935,1495,9.546651,8.583086,54.9167,11.209368,0,0,0,0,1,327
329,2011-11-25,4,0,11,0,5,1,1,0.375,0.380671,0.64375,0.0988958,1095,1697,2792,9.625,9.124286,64.375,6.6260186,0,0,0,0,1,328
330,2011-11-26,4,0,11,0,6,0,1,0.375833,0.385087,0.681667,0.0684208,1249,1819,3068,9.664151,9.415742,68.1667,4.5841936,0,0,0,0,1,329
331,2011-11-27,4,0,11,0,0,0,1,0.459167,0.4558,0.698333,0.208954,810,2261,3071,13.580849,14.0828,69.8333,13.999918,0,0,0,0,1,330
332,2011-11-28,4,0,11,0,1,1,1,0.503478,0.490122,0.743043,0.142122,253,3614,3867,15.663466,16.348052,74.3043,9.522174,0,0,0,0,1,331
333,2011-11-29,4,0,11,0,2,1,2,0.458333,0.451375,0.830833,0.258092,96,2818,2914,13.541651,13.79075,83.0833,17.292164,1,0,0,0,1,332
334,2011-11-30,4,0,11,0,3,1,1,0.325,0.311221,0.613333,0.271158,188,3425,3613,7.275,4.540586,61.3333,18.167586,0,0,0,0,1,333
335,2011-12-01,4,0,12,0,4,1,1,0.3125,0.305554,0.524583,0.220158,182,3545,3727,6.6875,4.166564,52.4583,14.750586,0,0,0,0,1,334
336,2011-12-02,4,0,12,0,5,1,1,0.314167,0.331433,0.625833,0.100754,268,3672,3940,6.765849,5.874578,62.5833,6.750518,0,0,0,0,1,335
337,2011-12-03,4,0,12,0,6,0,1,0.299167,0.310604,0.612917,0.0957833,706,2908,3614,6.060849,4.499864,61.2917,6.4174811,0,0,0,0,1,336
338,2011-12-04,4,0,12,0,0,0,1,0.330833,0.3491,0.775833,0.0839583,634,2851,3485,7.549151,7.0406,77.5833,5.6252061,0,0,0,0,1,337
339,2011-12-05,4,0,12,0,1,1,2,0.385833,0.393925,0.827083,0.0622083,233,3578,3811,10.134151,9.99905,82.7083,4.1679561,1,0,0,0,1,338
340,2011-12-06,4,0,12,0,2,1,3,0.4625,0.4564,0.949583,0.232583,126,2468,2594,13.7375,14.1224,94.9583,15.583061,0,1,0,0,1,339
341,2011-12-07,4,0,12,0,3,1,3,0.41,0.400246,0.970417,0.266175,50,655,705,11.27,10.416236,97.0417,17.833725,0,1,0,0,1,340
342,2011-12-08,4,0,12,0,4,1,1,0.265833,0.256938,0.58,0.240058,150,3172,3322,4.494151,0.957908,58,16.083886,0,0,0,0,1,341
343,2011-12-09,4,0,12,0,5,1,1,0.290833,0.317542,0.695833,0.0827167,261,3359,3620,5.669151,4.957772,69.5833,5.5420189,0,0,0,0,1,342
344,2011-12-10,4,0,12,0,6,0,1,0.275,0.266412,0.5075,0.233221,502,2688,3190,4.925,1.583192,50.75,15.625807,0,0,0,0,1,343
345,2011-12-11,4,0,12,0,0,0,1,0.220833,0.253154,0.49,0.0665417,377,2366,2743,2.379151,0.708164,49,4.4582939,0,0,0,0,1,344
346,2011-12-12,4,0,12,0,1,1,1,0.238333,0.270196,0.670833,0.06345,143,3167,3310,3.201651,1.832936,67.0833,4.25115,0,0,0,0,1,345
347,2011-12-13,4,0,12,0,2,1,1,0.2825,0.301138,0.59,0.14055,155,3368,3523,5.2775,3.875108,59,9.41685,0,0,0,0,1,346
348,2011-12-14,4,0,12,0,3,1,2,0.3175,0.338362,0.66375,0.0609583,178,3562,3740,6.9225,6.331892,66.375,4.0842061,1,0,0,0,1,347
349,2011-12-15,4,0,12,0,4,1,2,0.4225,0.412237,0.634167,0.268042,181,3528,3709,11.8575,11.207642,63.4167,17.958814,1,0,0,0,1,348
350,2011-12-16,4,0,12,0,5,1,2,0.375,0.359825,0.500417,0.260575,178,3399,3577,9.625,7.74845,50.0417,17.458525,1,0,0,0,1,349
351,2011-12-17,4,0,12,0,6,0,2,0.258333,0.249371,0.560833,0.243167,275,2464,2739,4.141651,0.458486000000001,56.0833,16.292189,1,0,0,0,1,350
352,2011-12-18,4,0,12,0,0,0,1,0.238333,0.245579,0.58625,0.169779,220,2211,2431,3.201651,0.208213999999998,58.625,11.375193,0,0,0,0,1,351
353,2011-12-19,4,0,12,0,1,1,1,0.276667,0.280933,0.6375,0.172896,260,3143,3403,5.003349,2.541578,63.75,11.584032,0,0,0,0,1,352
354,2011-12-20,4,0,12,0,2,1,2,0.385833,0.396454,0.595417,0.0615708,216,3534,3750,10.134151,10.165964,59.5417,4.1252436,1,0,0,0,1,353
355,2011-12-21,1,0,12,0,3,1,2,0.428333,0.428017,0.858333,0.2214,107,2553,2660,12.131651,12.249122,85.8333,14.8338,1,0,0,0,0,354
356,2011-12-22,1,0,12,0,4,1,2,0.423333,0.426121,0.7575,0.047275,227,2841,3068,11.896651,12.123986,75.75,3.167425,1,0,0,0,0,355
357,2011-12-23,1,0,12,0,5,1,1,0.373333,0.377513,0.68625,0.274246,163,2046,2209,9.546651,8.915858,68.625,18.374482,0,0,0,0,0,356
358,2011-12-24,1,0,12,0,6,0,1,0.3025,0.299242,0.5425,0.190304,155,856,1011,6.2175,3.749972,54.25,12.750368,0,0,0,0,0,357
359,2011-12-25,1,0,12,0,0,0,1,0.274783,0.279961,0.681304,0.155091,303,451,754,4.914801,2.477426,68.1304,10.391097,0,0,0,0,0,358
360,2011-12-26,1,0,12,1,1,0,1,0.321739,0.315535,0.506957,0.239465,430,887,1317,7.121733,4.82531,50.6957,16.044155,0,0,0,0,0,359
361,2011-12-27,1,0,12,0,2,1,2,0.325,0.327633,0.7625,0.18845,103,1059,1162,7.275,5.623778,76.25,12.62615,1,0,0,0,0,360
362,2011-12-28,1,0,12,0,3,1,1,0.29913,0.279974,0.503913,0.293961,255,2047,2302,6.05911,2.478284,50.3913,19.695387,0,0,0,0,0,361
363,2011-12-29,1,0,12,0,4,1,1,0.248333,0.263892,0.574167,0.119412,254,2169,2423,3.671651,1.416872,57.4167,8.000604,0,0,0,0,0,362
364,2011-12-30,1,0,12,0,5,1,1,0.311667,0.318812,0.636667,0.134337,491,2508,2999,6.648349,5.041592,63.6667,9.000579,0,0,0,0,0,363
365,2011-12-31,1,0,12,0,6,0,1,0.41,0.414121,0.615833,0.220154,665,1820,2485,11.27,11.331986,61.5833,14.750318,0,0,0,0,0,364
366,2012-01-01,1,1,1,0,0,0,1,0.37,0.375621,0.6925,0.192167,686,1608,2294,9.39,8.790986,69.25,12.875189,0,0,0,0,0,365
367,2012-01-02,1,1,1,1,1,0,1,0.273043,0.252304,0.381304,0.329665,244,1707,1951,4.833021,0.652063999999999,38.1304,22.087555,0,0,0,0,0,366
368,2012-01-03,1,1,1,0,2,1,1,0.15,0.126275,0.44125,0.365671,89,2147,2236,-0.95,-7.66585,44.125,24.499957,0,0,0,0,0,367
369,2012-01-04,1,1,1,0,3,1,2,0.1075,0.119337,0.414583,0.1847,95,2273,2368,-2.9475,-8.123758,41.4583,12.3749,1,0,0,0,0,368
370,2012-01-05,1,1,1,0,4,1,1,0.265833,0.278412,0.524167,0.129987,140,3132,3272,4.494151,2.375192,52.4167,8.709129,0,0,0,0,0,369
371,2012-01-06,1,1,1,0,5,1,1,0.334167,0.340267,0.542083,0.167908,307,3791,4098,7.705849,6.457622,54.2083,11.249836,0,0,0,0,0,370
372,2012-01-07,1,1,1,0,6,0,1,0.393333,0.390779,0.531667,0.174758,1070,3451,4521,10.486651,9.791414,53.1667,11.708786,0,0,0,0,0,371
373,2012-01-08,1,1,1,0,0,0,1,0.3375,0.340258,0.465,0.191542,599,2826,3425,7.8625,6.457028,46.5,12.833314,0,0,0,0,0,372
374,2012-01-09,1,1,1,0,1,1,2,0.224167,0.247479,0.701667,0.0989,106,2270,2376,2.535849,0.333614000000001,70.1667,6.6263,1,0,0,0,0,373
375,2012-01-10,1,1,1,0,2,1,1,0.308696,0.318826,0.646522,0.187552,173,3425,3598,6.508712,5.042516,64.6522,12.565984,0,0,0,0,0,374
376,2012-01-11,1,1,1,0,3,1,2,0.274167,0.282821,0.8475,0.131221,92,2085,2177,4.885849,2.666186,84.75,8.791807,1,0,0,0,0,375
377,2012-01-12,1,1,1,0,4,1,2,0.3825,0.381938,0.802917,0.180967,269,3828,4097,9.9775,9.207908,80.2917,12.124789,1,0,0,0,0,376
378,2012-01-13,1,1,1,0,5,1,1,0.274167,0.249362,0.5075,0.378108,174,3040,3214,4.885849,0.457892000000001,50.75,25.333236,0,0,0,0,0,377
379,2012-01-14,1,1,1,0,6,0,1,0.18,0.183087,0.4575,0.187183,333,2160,2493,0.459999999999999,-3.916258,45.75,12.541261,0,0,0,0,0,378
380,2012-01-15,1,1,1,0,0,0,1,0.166667,0.161625,0.419167,0.251258,284,2027,2311,-0.166651,-5.33275,41.9167,16.834286,0,0,0,0,0,379
381,2012-01-16,1,1,1,1,1,0,1,0.19,0.190663,0.5225,0.231358,217,2081,2298,0.93,-3.416242,52.25,15.500986,0,0,0,0,0,380
382,2012-01-17,1,1,1,0,2,1,2,0.373043,0.364278,0.716087,0.34913,127,2808,2935,9.533021,8.042348,71.6087,23.39171,1,0,0,0,0,381
383,2012-01-18,1,1,1,0,3,1,1,0.303333,0.275254,0.443333,0.415429,109,3267,3376,6.256651,2.166764,44.3333,27.833743,0,0,0,0,0,382
384,2012-01-19,1,1,1,0,4,1,1,0.19,0.190038,0.4975,0.220158,130,3162,3292,0.93,-3.457492,49.75,14.750586,0,0,0,0,0,383
385,2012-01-20,1,1,1,0,5,1,2,0.2175,0.220958,0.45,0.20275,115,3048,3163,2.2225,-1.416772,45,13.58425,1,0,0,0,0,384
386,2012-01-21,1,1,1,0,6,0,2,0.173333,0.174875,0.83125,0.222642,67,1234,1301,0.146650999999999,-4.45825,83.125,14.917014,1,0,0,0,0,385
387,2012-01-22,1,1,1,0,0,0,2,0.1625,0.16225,0.79625,0.199638,196,1781,1977,-0.3625,-5.2915,79.625,13.375746,1,0,0,0,0,386
388,2012-01-23,1,1,1,0,1,1,2,0.218333,0.243058,0.91125,0.110708,145,2287,2432,2.261651,0.0418279999999989,91.125,7.417436,1,0,0,0,0,387
389,2012-01-24,1,1,1,0,2,1,1,0.3425,0.349108,0.835833,0.123767,439,3900,4339,8.0975,7.041128,83.5833,8.292389,0,0,0,0,0,388
390,2012-01-25,1,1,1,0,3,1,1,0.294167,0.294821,0.64375,0.161071,467,3803,4270,5.825849,3.458186,64.375,10.791757,0,0,0,0,0,389
391,2012-01-26,1,1,1,0,4,1,2,0.341667,0.35605,0.769583,0.0733958,244,3831,4075,8.058349,7.4993,76.9583,4.9175186,1,0,0,0,0,390
392,2012-01-27,1,1,1,0,5,1,2,0.425,0.415383,0.74125,0.342667,269,3187,3456,11.975,11.415278,74.125,22.958689,1,0,0,0,0,391
393,2012-01-28,1,1,1,0,6,0,1,0.315833,0.326379,0.543333,0.210829,775,3248,4023,6.844151,5.541014,54.3333,14.125543,0,0,0,0,0,392
394,2012-01-29,1,1,1,0,0,0,1,0.2825,0.272721,0.31125,0.24005,558,2685,3243,5.2775,1.999586,31.125,16.08335,0,0,0,0,0,393
395,2012-01-30,1,1,1,0,1,1,1,0.269167,0.262625,0.400833,0.215792,126,3498,3624,4.650849,1.33325,40.0833,14.458064,0,0,0,0,0,394
396,2012-01-31,1,1,1,0,2,1,1,0.39,0.381317,0.416667,0.261817,324,4185,4509,10.33,9.166922,41.6667,17.541739,0,0,0,0,0,395
397,2012-02-01,1,1,2,0,3,1,1,0.469167,0.466538,0.507917,0.189067,304,4275,4579,14.050849,14.791508,50.7917,12.667489,0,0,0,0,0,396
398,2012-02-02,1,1,2,0,4,1,2,0.399167,0.398971,0.672917,0.187187,190,3571,3761,10.760849,10.332086,67.2917,12.541529,1,0,0,0,0,397
399,2012-02-03,1,1,2,0,5,1,1,0.313333,0.309346,0.526667,0.178496,310,3841,4151,6.726651,4.416836,52.6667,11.959232,0,0,0,0,0,398
400,2012-02-04,1,1,2,0,6,0,2,0.264167,0.272725,0.779583,0.121896,384,2448,2832,4.415849,1.99985,77.9583,8.167032,1,0,0,0,0,399
401,2012-02-05,1,1,2,0,0,0,2,0.265833,0.264521,0.687917,0.175996,318,2629,2947,4.494151,1.458386,68.7917,11.791732,1,0,0,0,0,400
402,2012-02-06,1,1,2,0,1,1,1,0.282609,0.296426,0.622174,0.1538,206,3578,3784,5.282623,3.564116,62.2174,10.3046,0,0,0,0,0,401
403,2012-02-07,1,1,2,0,2,1,1,0.354167,0.361104,0.49625,0.147379,199,4176,4375,8.645849,7.832864,49.625,9.874393,0,0,0,0,0,402
404,2012-02-08,1,1,2,0,3,1,2,0.256667,0.266421,0.722917,0.133721,109,2693,2802,4.063349,1.583786,72.2917,8.959307,1,0,0,0,0,403
405,2012-02-09,1,1,2,0,4,1,1,0.265,0.261988,0.562083,0.194037,163,3667,3830,4.455,1.291208,56.2083,13.000479,0,0,0,0,0,404
406,2012-02-10,1,1,2,0,5,1,2,0.280833,0.293558,0.54,0.116929,227,3604,3831,5.199151,3.374828,54,7.834243,1,0,0,0,0,405
407,2012-02-11,1,1,2,0,6,0,3,0.224167,0.210867,0.73125,0.289796,192,1977,2169,2.535849,-2.082778,73.125,19.416332,0,1,0,0,0,406
408,2012-02-12,1,1,2,0,0,0,1,0.1275,0.101658,0.464583,0.409212,73,1456,1529,-2.0075,-9.290572,46.4583,27.417204,0,0,0,0,0,407
409,2012-02-13,1,1,2,0,1,1,1,0.2225,0.227913,0.41125,0.167283,94,3328,3422,2.4575,-0.957742,41.125,11.207961,0,0,0,0,0,408
410,2012-02-14,1,1,2,0,2,1,2,0.319167,0.333946,0.50875,0.141179,135,3787,3922,7.000849,6.040436,50.875,9.458993,1,0,0,0,0,409
411,2012-02-15,1,1,2,0,3,1,1,0.348333,0.351629,0.53125,0.1816,141,4028,4169,8.371651,7.207514,53.125,12.1672,0,0,0,0,0,410
412,2012-02-16,1,1,2,0,4,1,2,0.316667,0.330162,0.752917,0.091425,74,2931,3005,6.883349,5.790692,75.2917,6.125475,1,0,0,0,0,411
413,2012-02-17,1,1,2,0,5,1,1,0.343333,0.351629,0.634583,0.205846,349,3805,4154,8.136651,7.207514,63.4583,13.791682,0,0,0,0,0,412
414,2012-02-18,1,1,2,0,6,0,1,0.346667,0.355425,0.534583,0.190929,1435,2883,4318,8.293349,7.45805,53.4583,12.792243,0,0,0,0,0,413
415,2012-02-19,1,1,2,0,0,0,2,0.28,0.265788,0.515833,0.253112,618,2071,2689,5.16,1.542008,51.5833,16.958504,1,0,0,0,0,414
416,2012-02-20,1,1,2,1,1,0,1,0.28,0.273391,0.507826,0.229083,502,2627,3129,5.16,2.043806,50.7826,15.348561,0,0,0,0,0,415
417,2012-02-21,1,1,2,0,2,1,1,0.287826,0.295113,0.594348,0.205717,163,3614,3777,5.527822,3.477458,59.4348,13.783039,0,0,0,0,0,416
418,2012-02-22,1,1,2,0,3,1,1,0.395833,0.392667,0.567917,0.234471,394,4379,4773,10.604151,9.916022,56.7917,15.709557,0,0,0,0,0,417
419,2012-02-23,1,1,2,0,4,1,1,0.454167,0.444446,0.554583,0.190913,516,4546,5062,13.345849,13.333436,55.4583,12.791171,0,0,0,0,0,418
420,2012-02-24,1,1,2,0,5,1,2,0.4075,0.410971,0.7375,0.237567,246,3241,3487,11.1525,11.124086,73.75,15.916989,1,0,0,0,0,419
421,2012-02-25,1,1,2,0,6,0,1,0.290833,0.255675,0.395833,0.421642,317,2415,2732,5.669151,0.874549999999999,39.5833,28.250014,0,0,0,0,0,420
422,2012-02-26,1,1,2,0,0,0,1,0.279167,0.268308,0.41,0.205229,515,2874,3389,5.120849,1.708328,41,13.750343,0,0,0,0,0,421
423,2012-02-27,1,1,2,0,1,1,1,0.366667,0.357954,0.490833,0.268033,253,4069,4322,9.233349,7.624964,49.0833,17.958211,0,0,0,0,0,422
424,2012-02-28,1,1,2,0,2,1,1,0.359167,0.353525,0.395833,0.193417,229,4134,4363,8.880849,7.33265,39.5833,12.958939,0,0,0,0,0,423
425,2012-02-29,1,1,2,0,3,1,2,0.344348,0.34847,0.804783,0.179117,65,1769,1834,8.184356,6.99902,80.4783,12.000839,1,0,0,0,0,424
426,2012-03-01,1,1,3,0,4,1,1,0.485833,0.475371,0.615417,0.226987,325,4665,4990,14.834151,15.374486,61.5417,15.208129,0,0,0,0,0,425
427,2012-03-02,1,1,3,0,5,1,2,0.353333,0.359842,0.657083,0.144904,246,2948,3194,8.606651,7.749572,65.7083,9.708568,1,0,0,0,0,426
428,2012-03-03,1,1,3,0,6,0,2,0.414167,0.413492,0.62125,0.161079,956,3110,4066,11.465849,11.290472,62.125,10.792293,1,0,0,0,0,427
429,2012-03-04,1,1,3,0,0,0,1,0.325833,0.303021,0.403333,0.334571,710,2713,3423,7.314151,3.999386,40.3333,22.416257,0,0,0,0,0,428
430,2012-03-05,1,1,3,0,1,1,1,0.243333,0.241171,0.50625,0.228858,203,3130,3333,3.436651,-0.0827140000000011,50.625,15.333486,0,0,0,0,0,429
431,2012-03-06,1,1,3,0,2,1,1,0.258333,0.255042,0.456667,0.200875,221,3735,3956,4.141651,0.832771999999999,45.6667,13.458625,0,0,0,0,0,430
432,2012-03-07,1,1,3,0,3,1,1,0.404167,0.3851,0.513333,0.345779,432,4484,4916,10.995849,9.4166,51.3333,23.167193,0,0,0,0,0,431
433,2012-03-08,1,1,3,0,4,1,1,0.5275,0.524604,0.5675,0.441563,486,4896,5382,16.7925,18.623864,56.75,29.584721,0,0,0,0,0,432
434,2012-03-09,1,1,3,0,5,1,2,0.410833,0.397083,0.407083,0.4148,447,4122,4569,11.309151,10.207478,40.7083,27.7916,1,0,0,0,0,433
435,2012-03-10,1,1,3,0,6,0,1,0.2875,0.277767,0.350417,0.22575,968,3150,4118,5.5125,2.332622,35.0417,15.12525,0,0,0,0,0,434
436,2012-03-11,1,1,3,0,0,0,1,0.361739,0.35967,0.476957,0.222587,1658,3253,4911,9.001733,7.73822,47.6957,14.913329,0,0,0,0,0,435
437,2012-03-12,1,1,3,0,1,1,1,0.466667,0.459592,0.489167,0.207713,838,4460,5298,13.933349,14.333072,48.9167,13.916771,0,0,0,0,0,436
438,2012-03-13,1,1,3,0,2,1,1,0.565,0.542929,0.6175,0.23695,762,5085,5847,18.555,19.833314,61.75,15.87565,0,0,0,0,0,437
439,2012-03-14,1,1,3,0,3,1,1,0.5725,0.548617,0.507083,0.115062,997,5315,6312,18.9075,20.208722,50.7083,7.709154,0,0,0,0,0,438
440,2012-03-15,1,1,3,0,4,1,1,0.5575,0.532825,0.579583,0.149883,1005,5187,6192,18.2025,19.16645,57.9583,10.042161,0,0,0,0,0,439
441,2012-03-16,1,1,3,0,5,1,2,0.435833,0.436229,0.842083,0.113192,548,3830,4378,12.484151,12.791114,84.2083,7.583864,1,0,0,0,0,440
442,2012-03-17,1,1,3,0,6,0,2,0.514167,0.505046,0.755833,0.110704,3155,4681,7836,16.165849,17.333036,75.5833,7.417168,1,0,0,0,0,441
443,2012-03-18,1,1,3,0,0,0,2,0.4725,0.464,0.81,0.126883,2207,3685,5892,14.2075,14.624,81,8.501161,1,0,0,0,0,442
444,2012-03-19,1,1,3,0,1,1,1,0.545,0.532821,0.72875,0.162317,982,5171,6153,17.615,19.166186,72.875,10.875239,0,0,0,0,0,443
445,2012-03-20,1,1,3,0,2,1,1,0.560833,0.538533,0.807917,0.121271,1051,5042,6093,18.359151,19.543178,80.7917,8.125157,0,0,0,0,0,444
446,2012-03-21,2,1,3,0,3,1,2,0.531667,0.513258,0.82125,0.0895583,1122,5108,6230,16.988349,17.875028,82.125,6.0004061,1,0,1,0,0,445
447,2012-03-22,2,1,3,0,4,1,1,0.554167,0.531567,0.83125,0.117562,1334,5537,6871,18.045849,19.083422,83.125,7.876654,0,0,1,0,0,446
448,2012-03-23,2,1,3,0,5,1,2,0.601667,0.570067,0.694167,0.1163,2469,5893,8362,20.278349,21.624422,69.4167,7.7921,1,0,1,0,0,447
449,2012-03-24,2,1,3,0,6,0,2,0.5025,0.486733,0.885417,0.192783,1033,2339,3372,15.6175,16.124378,88.5417,12.916461,1,0,1,0,0,448
450,2012-03-25,2,1,3,0,0,0,2,0.4375,0.437488,0.880833,0.220775,1532,3464,4996,12.5625,12.874208,88.0833,14.791925,1,0,1,0,0,449
451,2012-03-26,2,1,3,0,1,1,1,0.445833,0.43875,0.477917,0.386821,795,4763,5558,12.954151,12.9575,47.7917,25.917007,0,0,1,0,0,450
452,2012-03-27,2,1,3,0,2,1,1,0.323333,0.315654,0.29,0.187192,531,4571,5102,7.196651,4.833164,29,12.541864,0,0,1,0,0,451
453,2012-03-28,2,1,3,0,3,1,1,0.484167,0.47095,0.48125,0.291671,674,5024,5698,14.755849,15.0827,48.125,19.541957,0,0,1,0,0,452
454,2012-03-29,2,1,3,0,4,1,1,0.494167,0.482304,0.439167,0.31965,834,5299,6133,15.225849,15.832064,43.9167,21.41655,0,0,1,0,0,453
455,2012-03-30,2,1,3,0,5,1,2,0.37,0.375621,0.580833,0.138067,796,4663,5459,9.39,8.790986,58.0833,9.250489,1,0,1,0,0,454
456,2012-03-31,2,1,3,0,6,0,2,0.424167,0.421708,0.738333,0.250617,2301,3934,6235,11.935849,11.832728,73.8333,16.791339,1,0,1,0,0,455
457,2012-04-01,2,1,4,0,0,0,2,0.425833,0.417287,0.67625,0.172267,2347,3694,6041,12.014151,11.540942,67.625,11.541889,1,0,1,0,0,456
458,2012-04-02,2,1,4,0,1,1,1,0.433913,0.427513,0.504348,0.312139,1208,4728,5936,12.393911,12.215858,50.4348,20.913313,0,0,1,0,0,457
459,2012-04-03,2,1,4,0,2,1,1,0.466667,0.461483,0.396667,0.100133,1348,5424,6772,13.933349,14.457878,39.6667,6.708911,0,0,1,0,0,458
460,2012-04-04,2,1,4,0,3,1,1,0.541667,0.53345,0.469583,0.180975,1058,5378,6436,17.458349,19.2077,46.9583,12.125325,0,0,1,0,0,459
461,2012-04-05,2,1,4,0,4,1,1,0.435,0.431163,0.374167,0.219529,1192,5265,6457,12.445,12.456758,37.4167,14.708443,0,0,1,0,0,460
462,2012-04-06,2,1,4,0,5,1,1,0.403333,0.390767,0.377083,0.300388,1807,4653,6460,10.956651,9.790622,37.7083,20.125996,0,0,1,0,0,461
463,2012-04-07,2,1,4,0,6,0,1,0.4375,0.426129,0.254167,0.274871,3252,3605,6857,12.5625,12.124514,25.4167,18.416357,0,0,1,0,0,462
464,2012-04-08,2,1,4,0,0,0,1,0.5,0.492425,0.275833,0.232596,2230,2939,5169,15.5,16.50005,27.5833,15.583932,0,0,1,0,0,463
465,2012-04-09,2,1,4,0,1,1,1,0.489167,0.476638,0.3175,0.358196,905,4680,5585,14.990849,15.458108,31.75,23.999132,0,0,1,0,0,464
466,2012-04-10,2,1,4,0,2,1,1,0.446667,0.436233,0.435,0.249375,819,5099,5918,12.993349,12.791378,43.5,16.708125,0,0,1,0,0,465
467,2012-04-11,2,1,4,0,3,1,1,0.348696,0.337274,0.469565,0.295274,482,4380,4862,8.388712,6.260084,46.9565,19.783358,0,0,1,0,0,466
468,2012-04-12,2,1,4,0,4,1,1,0.3975,0.387604,0.46625,0.290429,663,4746,5409,10.6825,9.581864,46.625,19.458743,0,0,1,0,0,467
469,2012-04-13,2,1,4,0,5,1,1,0.4425,0.431808,0.408333,0.155471,1252,5146,6398,12.7975,12.499328,40.8333,10.416557,0,0,1,0,0,468
470,2012-04-14,2,1,4,0,6,0,1,0.495,0.487996,0.502917,0.190917,2795,4665,7460,15.265,16.207736,50.2917,12.791439,0,0,1,0,0,469
471,2012-04-15,2,1,4,0,0,0,1,0.606667,0.573875,0.507917,0.225129,2846,4286,7132,20.513349,21.87575,50.7917,15.083643,0,0,1,0,0,470
472,2012-04-16,2,1,4,1,1,0,1,0.664167,0.614925,0.561667,0.284829,1198,5172,6370,23.215849,24.58505,56.1667,19.083543,0,0,1,0,0,471
473,2012-04-17,2,1,4,0,2,1,1,0.608333,0.598487,0.390417,0.273629,989,5702,6691,20.591651,23.500142,39.0417,18.333143,0,0,1,0,0,472
474,2012-04-18,2,1,4,0,3,1,2,0.463333,0.457038,0.569167,0.167912,347,4020,4367,13.776651,14.164508,56.9167,11.250104,1,0,1,0,0,473
475,2012-04-19,2,1,4,0,4,1,1,0.498333,0.493046,0.6125,0.0659292,846,5719,6565,15.421651,16.541036,61.25,4.4172564,0,0,1,0,0,474
476,2012-04-20,2,1,4,0,5,1,1,0.526667,0.515775,0.694583,0.149871,1340,5950,7290,16.753349,18.04115,69.4583,10.041357,0,0,1,0,0,475
477,2012-04-21,2,1,4,0,6,0,1,0.57,0.542921,0.682917,0.283587,2541,4083,6624,18.79,19.832786,68.2917,19.000329,0,0,1,0,0,476
478,2012-04-22,2,1,4,0,0,0,3,0.396667,0.389504,0.835417,0.344546,120,907,1027,10.643349,9.707264,83.5417,23.084582,0,1,1,0,0,477
479,2012-04-23,2,1,4,0,1,1,2,0.321667,0.301125,0.766667,0.303496,195,3019,3214,7.118349,3.87425,76.6667,20.334232,1,0,1,0,0,478
480,2012-04-24,2,1,4,0,2,1,1,0.413333,0.405283,0.454167,0.249383,518,5115,5633,11.426651,10.748678,45.4167,16.708661,0,0,1,0,0,479
481,2012-04-25,2,1,4,0,3,1,1,0.476667,0.470317,0.427917,0.118792,655,5541,6196,14.403349,15.040922,42.7917,7.959064,0,0,1,0,0,480
482,2012-04-26,2,1,4,0,4,1,2,0.498333,0.483583,0.756667,0.176625,475,4551,5026,15.421651,15.916478,75.6667,11.833875,1,0,1,0,0,481
483,2012-04-27,2,1,4,0,5,1,1,0.4575,0.452637,0.400833,0.347633,1014,5219,6233,13.5025,13.874042,40.0833,23.291411,0,0,1,0,0,482
484,2012-04-28,2,1,4,0,6,0,2,0.376667,0.377504,0.489583,0.129975,1120,3100,4220,9.703349,8.915264,48.9583,8.708325,1,0,1,0,0,483
485,2012-04-29,2,1,4,0,0,0,1,0.458333,0.450121,0.587083,0.116908,2229,4075,6304,13.541651,13.707986,58.7083,7.832836,0,0,1,0,0,484
486,2012-04-30,2,1,4,0,1,1,2,0.464167,0.457696,0.57,0.171638,665,4907,5572,13.815849,14.207936,57,11.499746,1,0,1,0,0,485
487,2012-05-01,2,1,5,0,2,1,2,0.613333,0.577021,0.659583,0.156096,653,5087,5740,20.826651,22.083386,65.9583,10.458432,1,0,1,0,0,486
488,2012-05-02,2,1,5,0,3,1,1,0.564167,0.537896,0.797083,0.138058,667,5502,6169,18.515849,19.501136,79.7083,9.249886,0,0,1,0,0,487
489,2012-05-03,2,1,5,0,4,1,2,0.56,0.537242,0.768333,0.133696,764,5657,6421,18.32,19.457972,76.8333,8.957632,1,0,1,0,0,488
490,2012-05-04,2,1,5,0,5,1,1,0.6275,0.590917,0.735417,0.162938,1069,5227,6296,21.4925,23.000522,73.5417,10.916846,0,0,1,0,0,489
491,2012-05-05,2,1,5,0,6,0,2,0.621667,0.584608,0.756667,0.152992,2496,4387,6883,21.218349,22.584128,75.6667,10.250464,1,0,1,0,0,490
492,2012-05-06,2,1,5,0,0,0,2,0.5625,0.546737,0.74,0.149879,2135,4224,6359,18.4375,20.084642,74,10.041893,1,0,1,0,0,491
493,2012-05-07,2,1,5,0,1,1,2,0.5375,0.527142,0.664167,0.230721,1008,5265,6273,17.2625,18.791372,66.4167,15.458307,1,0,1,0,0,492
494,2012-05-08,2,1,5,0,2,1,2,0.581667,0.557471,0.685833,0.296029,738,4990,5728,19.338349,20.793086,68.5833,19.833943,1,0,1,0,0,493
495,2012-05-09,2,1,5,0,3,1,2,0.575,0.553025,0.744167,0.216412,620,4097,4717,19.025,20.49965,74.4167,14.499604,1,0,1,0,0,494
496,2012-05-10,2,1,5,0,4,1,1,0.505833,0.491783,0.552083,0.314063,1026,5546,6572,15.774151,16.457678,55.2083,21.042221,0,0,1,0,0,495
497,2012-05-11,2,1,5,0,5,1,1,0.533333,0.520833,0.360417,0.236937,1319,5711,7030,17.066651,18.374978,36.0417,15.874779,0,0,1,0,0,496
498,2012-05-12,2,1,5,0,6,0,1,0.564167,0.544817,0.480417,0.123133,2622,4807,7429,18.515849,19.957922,48.0417,8.249911,0,0,1,0,0,497
499,2012-05-13,2,1,5,0,0,0,1,0.6125,0.585238,0.57625,0.225117,2172,3946,6118,20.7875,22.625708,57.625,15.082839,0,0,1,0,0,498
500,2012-05-14,2,1,5,0,1,1,2,0.573333,0.5499,0.789583,0.212692,342,2501,2843,18.946651,20.2934,78.9583,14.250364,1,0,1,0,0,499
501,2012-05-15,2,1,5,0,2,1,2,0.611667,0.576404,0.794583,0.147392,625,4490,5115,20.748349,22.042664,79.4583,9.875264,1,0,1,0,0,500
502,2012-05-16,2,1,5,0,3,1,1,0.636667,0.595975,0.697917,0.122512,991,6433,7424,21.923349,23.33435,69.7917,8.208304,0,0,1,0,0,501
503,2012-05-17,2,1,5,0,4,1,1,0.593333,0.572613,0.52,0.229475,1242,6142,7384,19.886651,21.792458,52,15.374825,0,0,1,0,0,502
504,2012-05-18,2,1,5,0,5,1,1,0.564167,0.551121,0.523333,0.136817,1521,6118,7639,18.515849,20.373986,52.3333,9.166739,0,0,1,0,0,503
505,2012-05-19,2,1,5,0,6,0,1,0.6,0.566908,0.45625,0.083975,3410,4884,8294,20.2,21.415928,45.625,5.626325,0,0,1,0,0,504
506,2012-05-20,2,1,5,0,0,0,1,0.620833,0.583967,0.530417,0.254367,2704,4425,7129,21.179151,22.541822,53.0417,17.042589,0,0,1,0,0,505
507,2012-05-21,2,1,5,0,1,1,2,0.598333,0.565667,0.81125,0.233204,630,3729,4359,20.121651,21.334022,81.125,15.624668,1,0,1,0,0,506
508,2012-05-22,2,1,5,0,2,1,2,0.615,0.580825,0.765833,0.118167,819,5254,6073,20.905,22.33445,76.5833,7.917189,1,0,1,0,0,507
509,2012-05-23,2,1,5,0,3,1,2,0.621667,0.584612,0.774583,0.102,766,4494,5260,21.218349,22.584392,77.4583,6.834,1,0,1,0,0,508
510,2012-05-24,2,1,5,0,4,1,1,0.655,0.6067,0.716667,0.172896,1059,5711,6770,22.785,24.0422,71.6667,11.584032,0,0,1,0,0,509
511,2012-05-25,2,1,5,0,5,1,1,0.68,0.627529,0.747083,0.14055,1417,5317,6734,23.96,25.416914,74.7083,9.41685,0,0,1,0,0,510
512,2012-05-26,2,1,5,0,6,0,1,0.6925,0.642696,0.7325,0.198992,2855,3681,6536,24.5475,26.417936,73.25,13.332464,0,0,1,0,0,511
513,2012-05-27,2,1,5,0,0,0,1,0.69,0.641425,0.697083,0.215171,3283,3308,6591,24.43,26.33405,69.7083,14.416457,0,0,1,0,0,512
514,2012-05-28,2,1,5,1,1,0,1,0.7125,0.6793,0.67625,0.196521,2557,3486,6043,25.4875,28.8338,67.625,13.166907,0,0,1,0,0,513
515,2012-05-29,2,1,5,0,2,1,1,0.7225,0.672992,0.684583,0.2954,880,4863,5743,25.9575,28.417472,68.4583,19.7918,0,0,1,0,0,514
516,2012-05-30,2,1,5,0,3,1,2,0.656667,0.611129,0.67,0.134329,745,6110,6855,22.863349,24.334514,67,9.000043,1,0,1,0,0,515
517,2012-05-31,2,1,5,0,4,1,1,0.68,0.631329,0.492917,0.195279,1100,6238,7338,23.96,25.667714,49.2917,13.083693,0,0,1,0,0,516
518,2012-06-01,2,1,6,0,5,1,2,0.654167,0.607962,0.755417,0.237563,533,3594,4127,22.745849,24.125492,75.5417,15.916721,1,0,1,0,0,517
519,2012-06-02,2,1,6,0,6,0,1,0.583333,0.566288,0.549167,0.186562,2795,5325,8120,19.416651,21.375008,54.9167,12.499654,0,0,1,0,0,518
520,2012-06-03,2,1,6,0,0,0,1,0.6025,0.575133,0.493333,0.184087,2494,5147,7641,20.3175,21.958778,49.3333,12.333829,0,0,1,0,0,519
521,2012-06-04,2,1,6,0,1,1,1,0.5975,0.578283,0.487083,0.284833,1071,5927,6998,20.0825,22.166678,48.7083,19.083811,0,0,1,0,0,520
522,2012-06-05,2,1,6,0,2,1,2,0.540833,0.525892,0.613333,0.209575,968,6033,7001,17.419151,18.708872,61.3333,14.041525,1,0,1,0,0,521
523,2012-06-06,2,1,6,0,3,1,1,0.554167,0.542292,0.61125,0.077125,1027,6028,7055,18.045849,19.791272,61.125,5.167375,0,0,1,0,0,522
524,2012-06-07,2,1,6,0,4,1,1,0.6025,0.569442,0.567083,0.15735,1038,6456,7494,20.3175,21.583172,56.7083,10.54245,0,0,1,0,0,523
525,2012-06-08,2,1,6,0,5,1,1,0.649167,0.597862,0.467917,0.175383,1488,6248,7736,22.510849,23.458892,46.7917,11.750661,0,0,1,0,0,524
526,2012-06-09,2,1,6,0,6,0,1,0.710833,0.648367,0.437083,0.144287,2708,4790,7498,25.409151,26.792222,43.7083,9.667229,0,0,1,0,0,525
527,2012-06-10,2,1,6,0,0,0,1,0.726667,0.663517,0.538333,0.133721,2224,4374,6598,26.153349,27.792122,53.8333,8.959307,0,0,1,0,0,526
528,2012-06-11,2,1,6,0,1,1,2,0.720833,0.659721,0.587917,0.207713,1017,5647,6664,25.879151,27.541586,58.7917,13.916771,1,0,1,0,0,527
529,2012-06-12,2,1,6,0,2,1,2,0.653333,0.597875,0.833333,0.214546,477,4495,4972,22.706651,23.45975,83.3333,14.374582,1,0,1,0,0,528
530,2012-06-13,2,1,6,0,3,1,1,0.655833,0.611117,0.582083,0.343279,1173,6248,7421,22.824151,24.333722,58.2083,22.999693,0,0,1,0,0,529
531,2012-06-14,2,1,6,0,4,1,1,0.648333,0.624383,0.569583,0.253733,1180,6183,7363,22.471651,25.209278,56.9583,17.000111,0,0,1,0,0,530
532,2012-06-15,2,1,6,0,5,1,1,0.639167,0.599754,0.589583,0.176617,1563,6102,7665,22.040849,23.583764,58.9583,11.833339,0,0,1,0,0,531
533,2012-06-16,2,1,6,0,6,0,1,0.631667,0.594708,0.504167,0.166667,2963,4739,7702,21.688349,23.250728,50.4167,11.166689,0,0,1,0,0,532
534,2012-06-17,2,1,6,0,0,0,1,0.5925,0.571975,0.59875,0.144904,2634,4344,6978,19.8475,21.75035,59.875,9.708568,0,0,1,0,0,533
535,2012-06-18,2,1,6,0,1,1,2,0.568333,0.544842,0.777917,0.174746,653,4446,5099,18.711651,19.959572,77.7917,11.707982,1,0,1,0,0,534
536,2012-06-19,2,1,6,0,2,1,1,0.688333,0.654692,0.69,0.148017,968,5857,6825,24.351651,27.209672,69,9.917139,0,0,1,0,0,535
537,2012-06-20,2,1,6,0,3,1,1,0.7825,0.720975,0.592083,0.113812,872,5339,6211,28.7775,31.58435,59.2083,7.625404,0,0,1,0,0,536
538,2012-06-21,3,1,6,0,4,1,1,0.805833,0.752542,0.567917,0.118787,778,5127,5905,29.874151,33.667772,56.7917,7.958729,0,0,0,1,0,537
539,2012-06-22,3,1,6,0,5,1,1,0.7775,0.724121,0.57375,0.182842,964,4859,5823,28.5425,31.791986,57.375,12.250414,0,0,0,1,0,538
540,2012-06-23,3,1,6,0,6,0,1,0.731667,0.652792,0.534583,0.179721,2657,4801,7458,26.388349,27.084272,53.4583,12.041307,0,0,0,1,0,539
541,2012-06-24,3,1,6,0,0,0,1,0.743333,0.674254,0.479167,0.145525,2551,4340,6891,26.936651,28.500764,47.9167,9.750175,0,0,0,1,0,540
542,2012-06-25,3,1,6,0,1,1,1,0.715833,0.654042,0.504167,0.300383,1139,5640,6779,25.644151,27.166772,50.4167,20.125661,0,0,0,1,0,541
543,2012-06-26,3,1,6,0,2,1,1,0.630833,0.594704,0.373333,0.347642,1077,6365,7442,21.649151,23.250464,37.3333,23.292014,0,0,0,1,0,542
544,2012-06-27,3,1,6,0,3,1,1,0.6975,0.640792,0.36,0.271775,1077,6258,7335,24.7825,26.292272,36,18.208925,0,0,0,1,0,543
545,2012-06-28,3,1,6,0,4,1,1,0.749167,0.675512,0.4225,0.17165,921,5958,6879,27.210849,28.583792,42.25,11.50055,0,0,0,1,0,544
546,2012-06-29,3,1,6,0,5,1,1,0.834167,0.786613,0.48875,0.165417,829,4634,5463,31.205849,35.916458,48.875,11.082939,0,0,0,1,0,545
547,2012-06-30,3,1,6,0,6,0,1,0.765,0.687508,0.60125,0.161071,1455,4232,5687,27.955,29.375528,60.125,10.791757,0,0,0,1,0,546
548,2012-07-01,3,1,7,0,0,0,1,0.815833,0.750629,0.51875,0.168529,1421,4110,5531,30.344151,33.541514,51.875,11.291443,0,0,0,1,0,547
549,2012-07-02,3,1,7,0,1,1,1,0.781667,0.702038,0.447083,0.195267,904,5323,6227,28.738349,30.334508,44.7083,13.082889,0,0,0,1,0,548
550,2012-07-03,3,1,7,0,2,1,1,0.780833,0.70265,0.492083,0.126237,1052,5608,6660,28.699151,30.3749,49.2083,8.457879,0,0,0,1,0,549
551,2012-07-04,3,1,7,1,3,0,1,0.789167,0.732337,0.53875,0.13495,2562,4841,7403,29.090849,32.334242,53.875,9.04165,0,0,0,1,0,550
552,2012-07-05,3,1,7,0,4,1,1,0.8275,0.761367,0.457917,0.194029,1405,4836,6241,30.8925,34.250222,45.7917,12.999943,0,0,0,1,0,551
553,2012-07-06,3,1,7,0,5,1,1,0.828333,0.752533,0.450833,0.146142,1366,4841,6207,30.931651,33.667178,45.0833,9.791514,0,0,0,1,0,552
554,2012-07-07,3,1,7,0,6,0,1,0.861667,0.804913,0.492083,0.163554,1448,3392,4840,32.498349,37.124258,49.2083,10.958118,0,0,0,1,0,553
555,2012-07-08,3,1,7,0,0,0,1,0.8225,0.790396,0.57375,0.125629,1203,3469,4672,30.6575,36.166136,57.375,8.417143,0,0,0,1,0,554
556,2012-07-09,3,1,7,0,1,1,2,0.710833,0.654054,0.683333,0.180975,998,5571,6569,25.409151,27.167564,68.3333,12.125325,1,0,0,1,0,555
557,2012-07-10,3,1,7,0,2,1,2,0.720833,0.664796,0.6675,0.151737,954,5336,6290,25.879151,27.876536,66.75,10.166379,1,0,0,1,0,556
558,2012-07-11,3,1,7,0,3,1,1,0.716667,0.650271,0.633333,0.151733,975,6289,7264,25.683349,26.917886,63.3333,10.166111,0,0,0,1,0,557
559,2012-07-12,3,1,7,0,4,1,1,0.715833,0.654683,0.529583,0.146775,1032,6414,7446,25.644151,27.209078,52.9583,9.833925,0,0,0,1,0,558
560,2012-07-13,3,1,7,0,5,1,2,0.731667,0.667933,0.485833,0.08085,1511,5988,7499,26.388349,28.083578,48.5833,5.41695,1,0,0,1,0,559
561,2012-07-14,3,1,7,0,6,0,2,0.703333,0.666042,0.699167,0.143679,2355,4614,6969,25.056651,27.958772,69.9167,9.626493,1,0,0,1,0,560
562,2012-07-15,3,1,7,0,0,0,1,0.745833,0.705196,0.717917,0.166667,1920,4111,6031,27.054151,30.542936,71.7917,11.166689,0,0,0,1,0,561
563,2012-07-16,3,1,7,0,1,1,1,0.763333,0.724125,0.645,0.164187,1088,5742,6830,27.876651,31.79225,64.5,11.000529,0,0,0,1,0,562
564,2012-07-17,3,1,7,0,2,1,1,0.818333,0.755683,0.505833,0.114429,921,5865,6786,30.461651,33.875078,50.5833,7.666743,0,0,0,1,0,563
565,2012-07-18,3,1,7,0,3,1,1,0.793333,0.745583,0.577083,0.137442,799,4914,5713,29.286651,33.208478,57.7083,9.208614,0,0,0,1,0,564
566,2012-07-19,3,1,7,0,4,1,1,0.77,0.714642,0.600417,0.165429,888,5703,6591,28.19,31.166372,60.0417,11.083743,0,0,0,1,0,565
567,2012-07-20,3,1,7,0,5,1,2,0.665833,0.613025,0.844167,0.208967,747,5123,5870,23.294151,24.45965,84.4167,14.000789,1,0,0,1,0,566
568,2012-07-21,3,1,7,0,6,0,3,0.595833,0.549912,0.865417,0.2133,1264,3195,4459,20.004151,20.294192,86.5417,14.2911,0,1,0,1,0,567
569,2012-07-22,3,1,7,0,0,0,2,0.6675,0.623125,0.7625,0.0939208,2544,4866,7410,23.3725,25.12625,76.25,6.2926936,1,0,0,1,0,568
570,2012-07-23,3,1,7,0,1,1,1,0.741667,0.690017,0.694167,0.138683,1135,5831,6966,26.858349,29.541122,69.4167,9.291761,0,0,0,1,0,569
571,2012-07-24,3,1,7,0,2,1,1,0.750833,0.70645,0.655,0.211454,1140,6452,7592,27.289151,30.6257,65.5,14.167418,0,0,0,1,0,570
572,2012-07-25,3,1,7,0,3,1,1,0.724167,0.654054,0.45,0.1648,1383,6790,8173,26.035849,27.167564,45,11.0416,0,0,0,1,0,571
573,2012-07-26,3,1,7,0,4,1,1,0.776667,0.739263,0.596667,0.284813,1036,5825,6861,28.503349,32.791358,59.6667,19.082471,0,0,0,1,0,572
574,2012-07-27,3,1,7,0,5,1,1,0.781667,0.734217,0.594583,0.152992,1259,5645,6904,28.738349,32.458322,59.4583,10.250464,0,0,0,1,0,573
575,2012-07-28,3,1,7,0,6,0,1,0.755833,0.697604,0.613333,0.15735,2234,4451,6685,27.524151,30.041864,61.3333,10.54245,0,0,0,1,0,574
576,2012-07-29,3,1,7,0,0,0,1,0.721667,0.667933,0.62375,0.170396,2153,4444,6597,25.918349,28.083578,62.375,11.416532,0,0,0,1,0,575
577,2012-07-30,3,1,7,0,1,1,1,0.730833,0.684987,0.66875,0.153617,1040,6065,7105,26.349151,29.209142,66.875,10.292339,0,0,0,1,0,576
578,2012-07-31,3,1,7,0,2,1,1,0.713333,0.662896,0.704167,0.165425,968,6248,7216,25.526651,27.751136,70.4167,11.083475,0,0,0,1,0,577
579,2012-08-01,3,1,8,0,3,1,1,0.7175,0.667308,0.6775,0.141179,1074,6506,7580,25.7225,28.042328,67.75,9.458993,0,0,0,1,0,578
580,2012-08-02,3,1,8,0,4,1,1,0.7525,0.707088,0.659583,0.129354,983,6278,7261,27.3675,30.667808,65.9583,8.666718,0,0,0,1,0,579
581,2012-08-03,3,1,8,0,5,1,2,0.765833,0.722867,0.6425,0.215792,1328,5847,7175,27.994151,31.709222,64.25,14.458064,1,0,0,1,0,580
582,2012-08-04,3,1,8,0,6,0,1,0.793333,0.751267,0.613333,0.257458,2345,4479,6824,29.286651,33.583622,61.3333,17.249686,0,0,0,1,0,581
583,2012-08-05,3,1,8,0,0,0,1,0.769167,0.731079,0.6525,0.290421,1707,3757,5464,28.150849,32.251214,65.25,19.458207,0,0,0,1,0,582
584,2012-08-06,3,1,8,0,1,1,2,0.7525,0.710246,0.654167,0.129354,1233,5780,7013,27.3675,30.876236,65.4167,8.666718,1,0,0,1,0,583
585,2012-08-07,3,1,8,0,2,1,2,0.735833,0.697621,0.70375,0.116908,1278,5995,7273,26.584151,30.042986,70.375,7.832836,1,0,0,1,0,584
586,2012-08-08,3,1,8,0,3,1,2,0.75,0.707717,0.672917,0.1107,1263,6271,7534,27.25,30.709322,67.2917,7.4169,1,0,0,1,0,585
587,2012-08-09,3,1,8,0,4,1,1,0.755833,0.699508,0.620417,0.1561,1196,6090,7286,27.524151,30.167528,62.0417,10.4587,0,0,0,1,0,586
588,2012-08-10,3,1,8,0,5,1,2,0.715833,0.667942,0.715833,0.238813,1065,4721,5786,25.644151,28.084172,71.5833,16.000471,1,0,0,1,0,587
589,2012-08-11,3,1,8,0,6,0,2,0.6925,0.638267,0.732917,0.206479,2247,4052,6299,24.5475,26.125622,73.2917,13.834093,1,0,0,1,0,588
590,2012-08-12,3,1,8,0,0,0,1,0.700833,0.644579,0.530417,0.122512,2182,4362,6544,24.939151,26.542214,53.0417,8.208304,0,0,0,1,0,589
591,2012-08-13,3,1,8,0,1,1,1,0.720833,0.662254,0.545417,0.136212,1207,5676,6883,25.879151,27.708764,54.5417,9.126204,0,0,0,1,0,590
592,2012-08-14,3,1,8,0,2,1,1,0.726667,0.676779,0.686667,0.169158,1128,5656,6784,26.153349,28.667414,68.6667,11.333586,0,0,0,1,0,591
593,2012-08-15,3,1,8,0,3,1,1,0.706667,0.654037,0.619583,0.169771,1198,6149,7347,25.213349,27.166442,61.9583,11.374657,0,0,0,1,0,592
594,2012-08-16,3,1,8,0,4,1,1,0.719167,0.654688,0.519167,0.141796,1338,6267,7605,25.800849,27.209408,51.9167,9.500332,0,0,0,1,0,593
595,2012-08-17,3,1,8,0,5,1,1,0.723333,0.2424,0.570833,0.231354,1483,5665,7148,25.996651,-0.00159999999999982,57.0833,15.500718,0,0,0,1,0,594
596,2012-08-18,3,1,8,0,6,0,1,0.678333,0.618071,0.603333,0.177867,2827,5038,7865,23.881651,24.792686,60.3333,11.917089,0,0,0,1,0,595
597,2012-08-19,3,1,8,0,0,0,2,0.635833,0.603554,0.711667,0.08645,1208,3341,4549,21.884151,23.834564,71.1667,5.79215,1,0,0,1,0,596
598,2012-08-20,3,1,8,0,1,1,2,0.635833,0.595967,0.734167,0.129979,1026,5504,6530,21.884151,23.333822,73.4167,8.708593,1,0,0,1,0,597
599,2012-08-21,3,1,8,0,2,1,1,0.649167,0.601025,0.67375,0.0727708,1081,5925,7006,22.510849,23.66765,67.375,4.8756436,0,0,0,1,0,598
600,2012-08-22,3,1,8,0,3,1,1,0.6675,0.621854,0.677083,0.0702833,1094,6281,7375,23.3725,25.042364,67.7083,4.7089811,0,0,0,1,0,599
601,2012-08-23,3,1,8,0,4,1,1,0.695833,0.637008,0.635833,0.0845958,1363,6402,7765,24.704151,26.042528,63.5833,5.6679186,0,0,0,1,0,600
602,2012-08-24,3,1,8,0,5,1,2,0.7025,0.6471,0.615,0.0721458,1325,6257,7582,25.0175,26.7086,61.5,4.8337686,1,0,0,1,0,601
603,2012-08-25,3,1,8,0,6,0,2,0.661667,0.618696,0.712917,0.244408,1829,4224,6053,23.098349,24.833936,71.2917,16.375336,1,0,0,1,0,602
604,2012-08-26,3,1,8,0,0,0,2,0.653333,0.595996,0.845833,0.228858,1483,3772,5255,22.706651,23.335736,84.5833,15.333486,1,0,0,1,0,603
605,2012-08-27,3,1,8,0,1,1,1,0.703333,0.654688,0.730417,0.128733,989,5928,6917,25.056651,27.209408,73.0417,8.625111,0,0,0,1,0,604
606,2012-08-28,3,1,8,0,2,1,1,0.728333,0.66605,0.62,0.190925,935,6105,7040,26.231651,27.9593,62,12.791975,0,0,0,1,0,605
607,2012-08-29,3,1,8,0,3,1,1,0.685,0.635733,0.552083,0.112562,1177,6520,7697,24.195,25.958378,55.2083,7.541654,0,0,0,1,0,606
608,2012-08-30,3,1,8,0,4,1,1,0.706667,0.652779,0.590417,0.0771167,1172,6541,7713,25.213349,27.083414,59.0417,5.1668189,0,0,0,1,0,607
609,2012-08-31,3,1,8,0,5,1,1,0.764167,0.6894,0.5875,0.168533,1433,5917,7350,27.915849,29.5004,58.75,11.291711,0,0,0,1,0,608
610,2012-09-01,3,1,9,0,6,0,2,0.753333,0.702654,0.638333,0.113187,2352,3788,6140,27.406651,30.375164,63.8333,7.583529,1,0,0,1,0,609
611,2012-09-02,3,1,9,0,0,0,2,0.696667,0.649,0.815,0.0640708,2613,3197,5810,24.743349,26.834,81.5,4.2927436,1,0,0,1,0,610
612,2012-09-03,3,1,9,1,1,0,1,0.7075,0.661629,0.790833,0.151121,1965,4069,6034,25.2525,27.667514,79.0833,10.125107,0,0,0,1,0,611
613,2012-09-04,3,1,9,0,2,1,1,0.725833,0.686888,0.755,0.236321,867,5997,6864,26.114151,29.334608,75.5,15.833507,0,0,0,1,0,612
614,2012-09-05,3,1,9,0,3,1,1,0.736667,0.708983,0.74125,0.187808,832,6280,7112,26.623349,30.792878,74.125,12.583136,0,0,0,1,0,613
615,2012-09-06,3,1,9,0,4,1,2,0.696667,0.655329,0.810417,0.142421,611,5592,6203,24.743349,27.251714,81.0417,9.542207,1,0,0,1,0,614
616,2012-09-07,3,1,9,0,5,1,1,0.703333,0.657204,0.73625,0.171646,1045,6459,7504,25.056651,27.375464,73.625,11.500282,0,0,0,1,0,615
617,2012-09-08,3,1,9,0,6,0,2,0.659167,0.611121,0.799167,0.281104,1557,4419,5976,22.980849,24.333986,79.9167,18.833968,1,0,0,1,0,616
618,2012-09-09,3,1,9,0,0,0,1,0.61,0.578925,0.5475,0.224496,2570,5657,8227,20.67,22.20905,54.75,15.041232,0,0,0,1,0,617
619,2012-09-10,3,1,9,0,1,1,1,0.583333,0.565654,0.50375,0.258713,1118,6407,7525,19.416651,21.333164,50.375,17.333771,0,0,0,1,0,618
620,2012-09-11,3,1,9,0,2,1,1,0.5775,0.554292,0.52,0.0920542,1070,6697,7767,19.1425,20.583272,52,6.1676314,0,0,0,1,0,619
621,2012-09-12,3,1,9,0,3,1,1,0.599167,0.570075,0.577083,0.131846,1050,6820,7870,20.160849,21.62495,57.7083,8.833682,0,0,0,1,0,620
622,2012-09-13,3,1,9,0,4,1,1,0.6125,0.579558,0.637083,0.0827208,1054,6750,7804,20.7875,22.250828,63.7083,5.5422936,0,0,0,1,0,621
623,2012-09-14,3,1,9,0,5,1,1,0.633333,0.594083,0.6725,0.103863,1379,6630,8009,21.766651,23.209478,67.25,6.958821,0,0,0,1,0,622
624,2012-09-15,3,1,9,0,6,0,1,0.608333,0.585867,0.501667,0.247521,3160,5554,8714,20.591651,22.667222,50.1667,16.583907,0,0,0,1,0,623
625,2012-09-16,3,1,9,0,0,0,1,0.58,0.563125,0.57,0.0901833,2166,5167,7333,19.26,21.16625,57,6.0422811,0,0,0,1,0,624
626,2012-09-17,3,1,9,0,1,1,2,0.580833,0.55305,0.734583,0.151742,1022,5847,6869,19.299151,20.5013,73.4583,10.166714,1,0,0,1,0,625
627,2012-09-18,3,1,9,0,2,1,2,0.623333,0.565067,0.8725,0.357587,371,3702,4073,21.296651,21.294422,87.25,23.958329,1,0,0,1,0,626
628,2012-09-19,3,1,9,0,3,1,1,0.5525,0.540404,0.536667,0.215175,788,6803,7591,17.9675,19.666664,53.6667,14.416725,0,0,0,1,0,627
629,2012-09-20,3,1,9,0,4,1,1,0.546667,0.532192,0.618333,0.118167,939,6781,7720,17.693349,19.124672,61.8333,7.917189,0,0,0,1,0,628
630,2012-09-21,3,1,9,0,5,1,1,0.599167,0.571971,0.66875,0.154229,1250,6917,8167,20.160849,21.750086,66.875,10.333343,0,0,0,1,0,629
631,2012-09-22,3,1,9,0,6,0,1,0.65,0.610488,0.646667,0.283583,2512,5883,8395,22.55,24.292208,64.6667,19.000061,0,0,0,1,0,630
632,2012-09-23,4,1,9,0,0,0,1,0.529167,0.518933,0.467083,0.223258,2454,5453,7907,16.870849,18.249578,46.7083,14.958286,0,0,0,0,1,631
633,2012-09-24,4,1,9,0,1,1,1,0.514167,0.502513,0.492917,0.142404,1001,6435,7436,16.165849,17.165858,49.2917,9.541068,0,0,0,0,1,632
634,2012-09-25,4,1,9,0,2,1,1,0.55,0.544179,0.57,0.236321,845,6693,7538,17.85,19.915814,57,15.833507,0,0,0,0,1,633
635,2012-09-26,4,1,9,0,3,1,1,0.635,0.596613,0.630833,0.2444,787,6946,7733,21.845,23.376458,63.0833,16.3748,0,0,0,0,1,634
636,2012-09-27,4,1,9,0,4,1,2,0.65,0.607975,0.690833,0.134342,751,6642,7393,22.55,24.12635,69.0833,9.000914,1,0,0,0,1,635
637,2012-09-28,4,1,9,0,5,1,2,0.619167,0.585863,0.69,0.164179,1045,6370,7415,21.100849,22.666958,69,10.999993,1,0,0,0,1,636
638,2012-09-29,4,1,9,0,6,0,1,0.5425,0.530296,0.542917,0.227604,2589,5966,8555,17.4975,18.999536,54.2917,15.249468,0,0,0,0,1,637
639,2012-09-30,4,1,9,0,0,0,1,0.526667,0.517663,0.583333,0.134958,2015,4874,6889,16.753349,18.165758,58.3333,9.042186,0,0,0,0,1,638
640,2012-10-01,4,1,10,0,1,1,2,0.520833,0.512,0.649167,0.0908042,763,6015,6778,16.479151,17.792,64.9167,6.0838814,1,0,0,0,1,639
641,2012-10-02,4,1,10,0,2,1,3,0.590833,0.542333,0.871667,0.104475,315,4324,4639,19.769151,19.793978,87.1667,6.999825,0,1,0,0,1,640
642,2012-10-03,4,1,10,0,3,1,2,0.6575,0.599133,0.79375,0.0665458,728,6844,7572,22.9025,23.542778,79.375,4.4585686,1,0,0,0,1,641
643,2012-10-04,4,1,10,0,4,1,2,0.6575,0.607975,0.722917,0.117546,891,6437,7328,22.9025,24.12635,72.2917,7.875582,1,0,0,0,1,642
644,2012-10-05,4,1,10,0,5,1,1,0.615,0.580187,0.6275,0.10635,1516,6640,8156,20.905,22.292342,62.75,7.12545,0,0,0,0,1,643
645,2012-10-06,4,1,10,0,6,0,1,0.554167,0.538521,0.664167,0.268025,3031,4934,7965,18.045849,19.542386,66.4167,17.957675,0,0,0,0,1,644
646,2012-10-07,4,1,10,0,0,0,2,0.415833,0.419813,0.708333,0.141162,781,2729,3510,11.544151,11.707658,70.8333,9.457854,1,0,0,0,1,645
647,2012-10-08,4,1,10,1,1,0,2,0.383333,0.387608,0.709583,0.189679,874,4604,5478,10.016651,9.582128,70.9583,12.708493,1,0,0,0,1,646
648,2012-10-09,4,1,10,0,2,1,2,0.446667,0.438112,0.761667,0.1903,601,5791,6392,12.993349,12.915392,76.1667,12.7501,1,0,0,0,1,647
649,2012-10-10,4,1,10,0,3,1,1,0.514167,0.503142,0.630833,0.187821,780,6911,7691,16.165849,17.207372,63.0833,12.584007,0,0,0,0,1,648
650,2012-10-11,4,1,10,0,4,1,1,0.435,0.431167,0.463333,0.181596,834,6736,7570,12.445,12.457022,46.3333,12.166932,0,0,0,0,1,649
651,2012-10-12,4,1,10,0,5,1,1,0.4375,0.433071,0.539167,0.235092,1060,6222,7282,12.5625,12.582686,53.9167,15.751164,0,0,0,0,1,650
652,2012-10-13,4,1,10,0,6,0,1,0.393333,0.391396,0.494583,0.146142,2252,4857,7109,10.486651,9.832136,49.4583,9.791514,0,0,0,0,1,651
653,2012-10-14,4,1,10,0,0,0,1,0.521667,0.508204,0.640417,0.278612,2080,4559,6639,16.518349,17.541464,64.0417,18.667004,0,0,0,0,1,652
654,2012-10-15,4,1,10,0,1,1,2,0.561667,0.53915,0.7075,0.296037,760,5115,5875,18.398349,19.5839,70.75,19.834479,1,0,0,0,1,653
655,2012-10-16,4,1,10,0,2,1,1,0.468333,0.460846,0.558333,0.182221,922,6612,7534,14.011651,14.415836,55.8333,12.208807,0,0,0,0,1,654
656,2012-10-17,4,1,10,0,3,1,1,0.455833,0.450108,0.692917,0.101371,979,6482,7461,13.424151,13.707128,69.2917,6.791857,0,0,0,0,1,655
657,2012-10-18,4,1,10,0,4,1,2,0.5225,0.512625,0.728333,0.236937,1008,6501,7509,16.5575,17.83325,72.8333,15.874779,1,0,0,0,1,656
658,2012-10-19,4,1,10,0,5,1,2,0.563333,0.537896,0.815,0.134954,753,4671,5424,18.476651,19.501136,81.5,9.041918,1,0,0,0,1,657
659,2012-10-20,4,1,10,0,6,0,1,0.484167,0.472842,0.572917,0.117537,2806,5284,8090,14.755849,15.207572,57.2917,7.874979,0,0,0,0,1,658
660,2012-10-21,4,1,10,0,0,0,1,0.464167,0.456429,0.51,0.166054,2132,4692,6824,13.815849,14.124314,51,11.125618,0,0,0,0,1,659
661,2012-10-22,4,1,10,0,1,1,1,0.4875,0.482942,0.568333,0.0814833,830,6228,7058,14.9125,15.874172,56.8333,5.4593811,0,0,0,0,1,660
662,2012-10-23,4,1,10,0,2,1,1,0.544167,0.530304,0.641667,0.0945458,841,6625,7466,17.575849,19.000064,64.1667,6.3345686,0,0,0,0,1,661
663,2012-10-24,4,1,10,0,3,1,1,0.5875,0.558721,0.63625,0.0727792,795,6898,7693,19.6125,20.875586,63.625,4.8762064,0,0,0,0,1,662
664,2012-10-25,4,1,10,0,4,1,2,0.55,0.529688,0.800417,0.124375,875,6484,7359,17.85,18.959408,80.0417,8.333125,1,0,0,0,1,663
665,2012-10-26,4,1,10,0,5,1,2,0.545833,0.52275,0.807083,0.132467,1182,6262,7444,17.654151,18.5015,80.7083,8.875289,1,0,0,0,1,664
666,2012-10-27,4,1,10,0,6,0,2,0.53,0.515133,0.72,0.235692,2643,5209,7852,16.91,17.998778,72,15.791364,1,0,0,0,1,665
667,2012-10-28,4,1,10,0,0,0,2,0.4775,0.467771,0.694583,0.398008,998,3461,4459,14.4425,14.872886,69.4583,26.666536,1,0,0,0,1,666
668,2012-10-29,4,1,10,0,1,1,3,0.44,0.4394,0.88,0.3582,2,20,22,12.68,13.0004,88,23.9994,0,1,0,0,1,667
669,2012-10-30,4,1,10,0,2,1,2,0.318182,0.309909,0.825455,0.213009,87,1009,1096,6.954554,4.453994,82.5455,14.271603,1,0,0,0,1,668
670,2012-10-31,4,1,10,0,3,1,2,0.3575,0.3611,0.666667,0.166667,419,5147,5566,8.8025,7.8326,66.6667,11.166689,1,0,0,0,1,669
671,2012-11-01,4,1,11,0,4,1,2,0.365833,0.369942,0.581667,0.157346,466,5520,5986,9.194151,8.416172,58.1667,10.542182,1,0,0,0,1,670
672,2012-11-02,4,1,11,0,5,1,1,0.355,0.356042,0.522083,0.266175,618,5229,5847,8.685,7.498772,52.2083,17.833725,0,0,0,0,1,671
673,2012-11-03,4,1,11,0,6,0,2,0.343333,0.323846,0.49125,0.270529,1029,4109,5138,8.136651,5.373836,49.125,18.125443,1,0,0,0,1,672
674,2012-11-04,4,1,11,0,0,0,1,0.325833,0.329538,0.532917,0.179108,1201,3906,5107,7.314151,5.749508,53.2917,12.000236,0,0,0,0,1,673
675,2012-11-05,4,1,11,0,1,1,1,0.319167,0.308075,0.494167,0.236325,378,4881,5259,7.000849,4.33295,49.4167,15.833775,0,0,0,0,1,674
676,2012-11-06,4,1,11,0,2,1,1,0.280833,0.281567,0.567083,0.173513,466,5220,5686,5.199151,2.583422,56.7083,11.625371,0,0,0,0,1,675
677,2012-11-07,4,1,11,0,3,1,2,0.295833,0.274621,0.5475,0.304108,326,4709,5035,5.904151,2.124986,54.75,20.375236,1,0,0,0,1,676
678,2012-11-08,4,1,11,0,4,1,1,0.352174,0.341891,0.333478,0.347835,340,4975,5315,8.552178,6.564806,33.3478,23.304945,0,0,0,0,1,677
679,2012-11-09,4,1,11,0,5,1,1,0.361667,0.355413,0.540833,0.214558,709,5283,5992,8.998349,7.457258,54.0833,14.375386,0,0,0,0,1,678
680,2012-11-10,4,1,11,0,6,0,1,0.389167,0.393937,0.645417,0.0578458,2090,4446,6536,10.290849,9.999842,64.5417,3.8756686,0,0,0,0,1,679
681,2012-11-11,4,1,11,0,0,0,1,0.420833,0.421713,0.659167,0.1275,2290,4562,6852,11.779151,11.833058,65.9167,8.5425,0,0,0,0,1,680
682,2012-11-12,4,1,11,1,1,0,1,0.485,0.475383,0.741667,0.173517,1097,5172,6269,14.795,15.375278,74.1667,11.625639,0,0,0,0,1,681
683,2012-11-13,4,1,11,0,2,1,2,0.343333,0.323225,0.662917,0.342046,327,3767,4094,8.136651,5.33285,66.2917,22.917082,1,0,0,0,1,682
684,2012-11-14,4,1,11,0,3,1,1,0.289167,0.281563,0.552083,0.199625,373,5122,5495,5.590849,2.583158,55.2083,13.374875,0,0,0,0,1,683
685,2012-11-15,4,1,11,0,4,1,2,0.321667,0.324492,0.620417,0.152987,320,5125,5445,7.118349,5.416472,62.0417,10.250129,1,0,0,0,1,684
686,2012-11-16,4,1,11,0,5,1,1,0.345,0.347204,0.524583,0.171025,484,5214,5698,8.215,6.915464,52.4583,11.458675,0,0,0,0,1,685
687,2012-11-17,4,1,11,0,6,0,1,0.325,0.326383,0.545417,0.179729,1313,4316,5629,7.275,5.541278,54.5417,12.041843,0,0,0,0,1,686
688,2012-11-18,4,1,11,0,0,0,1,0.3425,0.337746,0.692917,0.227612,922,3747,4669,8.0975,6.291236,69.2917,15.250004,0,0,0,0,1,687
689,2012-11-19,4,1,11,0,1,1,2,0.380833,0.375621,0.623333,0.235067,449,5050,5499,9.899151,8.790986,62.3333,15.749489,1,0,0,0,1,688
690,2012-11-20,4,1,11,0,2,1,2,0.374167,0.380667,0.685,0.082725,534,5100,5634,9.585849,9.124022,68.5,5.542575,1,0,0,0,1,689
691,2012-11-21,4,1,11,0,3,1,1,0.353333,0.364892,0.61375,0.103246,615,4531,5146,8.606651,8.082872,61.375,6.917482,0,0,0,0,1,690
692,2012-11-22,4,1,11,1,4,0,1,0.34,0.350371,0.580417,0.0528708,955,1470,2425,7.98,7.124486,58.0417,3.5423436,0,0,0,0,1,691
693,2012-11-23,4,1,11,0,5,1,1,0.368333,0.378779,0.56875,0.148021,1603,2307,3910,9.311651,8.999414,56.875,9.917407,0,0,0,0,1,692
694,2012-11-24,4,1,11,0,6,0,1,0.278333,0.248742,0.404583,0.376871,532,1745,2277,5.081651,0.416971999999998,40.4583,25.250357,0,0,0,0,1,693
695,2012-11-25,4,1,11,0,0,0,1,0.245833,0.257583,0.468333,0.1505,309,2115,2424,3.554151,1.000478,46.8333,10.0835,0,0,0,0,1,694
696,2012-11-26,4,1,11,0,1,1,1,0.313333,0.339004,0.535417,0.04665,337,4750,5087,6.726651,6.374264,53.5417,3.12555,0,0,0,0,1,695
697,2012-11-27,4,1,11,0,2,1,2,0.291667,0.281558,0.786667,0.237562,123,3836,3959,5.708349,2.582828,78.6667,15.916654,1,0,0,0,1,696
698,2012-11-28,4,1,11,0,3,1,1,0.296667,0.289762,0.50625,0.210821,198,5062,5260,5.943349,3.124292,50.625,14.125007,0,0,0,0,1,697
699,2012-11-29,4,1,11,0,4,1,1,0.28087,0.298422,0.555652,0.115522,243,5080,5323,5.20089,3.695852,55.5652,7.739974,0,0,0,0,1,698
700,2012-11-30,4,1,11,0,5,1,1,0.298333,0.323867,0.649583,0.0584708,362,5306,5668,6.021651,5.375222,64.9583,3.9175436,0,0,0,0,1,699
701,2012-12-01,4,1,12,0,6,0,2,0.298333,0.316904,0.806667,0.0597042,951,4240,5191,6.021651,4.915664,80.6667,4.0001814,1,0,0,0,1,700
702,2012-12-02,4,1,12,0,0,0,2,0.3475,0.359208,0.823333,0.124379,892,3757,4649,8.3325,7.707728,82.3333,8.333393,1,0,0,0,1,701
703,2012-12-03,4,1,12,0,1,1,1,0.4525,0.455796,0.7675,0.0827208,555,5679,6234,13.2675,14.082536,76.75,5.5422936,0,0,0,0,1,702
704,2012-12-04,4,1,12,0,2,1,1,0.475833,0.469054,0.73375,0.174129,551,6055,6606,14.364151,14.957564,73.375,11.666643,0,0,0,0,1,703
705,2012-12-05,4,1,12,0,3,1,1,0.438333,0.428012,0.485,0.324021,331,5398,5729,12.601651,12.248792,48.5,21.709407,0,0,0,0,1,704
706,2012-12-06,4,1,12,0,4,1,1,0.255833,0.258204,0.50875,0.174754,340,5035,5375,4.024151,1.041464,50.875,11.708518,0,0,0,0,1,705
707,2012-12-07,4,1,12,0,5,1,2,0.320833,0.321958,0.764167,0.1306,349,4659,5008,7.079151,5.249228,76.4167,8.7502,1,0,0,0,1,706
708,2012-12-08,4,1,12,0,6,0,2,0.381667,0.389508,0.91125,0.101379,1153,4429,5582,9.938349,9.707528,91.125,6.792393,1,0,0,0,1,707
709,2012-12-09,4,1,12,0,0,0,2,0.384167,0.390146,0.905417,0.157975,441,2787,3228,10.055849,9.749636,90.5417,10.584325,1,0,0,0,1,708
710,2012-12-10,4,1,12,0,1,1,2,0.435833,0.435575,0.925,0.190308,329,4841,5170,12.484151,12.74795,92.5,12.750636,1,0,0,0,1,709
711,2012-12-11,4,1,12,0,2,1,2,0.353333,0.338363,0.596667,0.296037,282,5219,5501,8.606651,6.331958,59.6667,19.834479,1,0,0,0,1,710
712,2012-12-12,4,1,12,0,3,1,2,0.2975,0.297338,0.538333,0.162937,310,5009,5319,5.9825,3.624308,53.8333,10.916779,1,0,0,0,1,711
713,2012-12-13,4,1,12,0,4,1,1,0.295833,0.294188,0.485833,0.174129,425,5107,5532,5.904151,3.416408,48.5833,11.666643,0,0,0,0,1,712
714,2012-12-14,4,1,12,0,5,1,1,0.281667,0.294192,0.642917,0.131229,429,5182,5611,5.238349,3.416672,64.2917,8.792343,0,0,0,0,1,713
715,2012-12-15,4,1,12,0,6,0,1,0.324167,0.338383,0.650417,0.10635,767,4280,5047,7.235849,6.333278,65.0417,7.12545,0,0,0,0,1,714
716,2012-12-16,4,1,12,0,0,0,2,0.3625,0.369938,0.83875,0.100742,538,3248,3786,9.0375,8.415908,83.875,6.749714,1,0,0,0,1,715
717,2012-12-17,4,1,12,0,1,1,2,0.393333,0.4015,0.907083,0.0982583,212,4373,4585,10.486651,10.499,90.7083,6.5833061,1,0,0,0,1,716
718,2012-12-18,4,1,12,0,2,1,1,0.410833,0.409708,0.66625,0.221404,433,5124,5557,11.309151,11.040728,66.625,14.834068,0,0,0,0,1,717
719,2012-12-19,4,1,12,0,3,1,1,0.3325,0.342162,0.625417,0.184092,333,4934,5267,7.6275,6.582692,62.5417,12.334164,0,0,0,0,1,718
720,2012-12-20,4,1,12,0,4,1,2,0.33,0.335217,0.667917,0.132463,314,3814,4128,7.51,6.124322,66.7917,8.875021,1,0,0,0,1,719
721,2012-12-21,1,1,12,0,5,1,2,0.326667,0.301767,0.556667,0.374383,221,3402,3623,7.353349,3.916622,55.6667,25.083661,1,0,0,0,0,720
722,2012-12-22,1,1,12,0,6,0,1,0.265833,0.236113,0.44125,0.407346,205,1544,1749,4.494151,-0.416542000000002,44.125,27.292182,0,0,0,0,0,721
723,2012-12-23,1,1,12,0,0,0,1,0.245833,0.259471,0.515417,0.133083,408,1379,1787,3.554151,1.125086,51.5417,8.916561,0,0,0,0,0,722
724,2012-12-24,1,1,12,0,1,1,2,0.231304,0.2589,0.791304,0.0772304,174,746,920,2.871288,1.0874,79.1304,5.1744368,1,0,0,0,0,723
725,2012-12-25,1,1,12,1,2,0,2,0.291304,0.294465,0.734783,0.168726,440,573,1013,5.691288,3.43469,73.4783,11.304642,1,0,0,0,0,724
726,2012-12-26,1,1,12,0,3,1,3,0.243333,0.220333,0.823333,0.316546,9,432,441,3.436651,-1.458022,82.3333,21.208582,0,1,0,0,0,725
727,2012-12-27,1,1,12,0,4,1,2,0.254167,0.226642,0.652917,0.350133,247,1867,2114,3.945849,-1.041628,65.2917,23.458911,1,0,0,0,0,726
728,2012-12-28,1,1,12,0,5,1,2,0.253333,0.255046,0.59,0.155471,644,2451,3095,3.906651,0.833036,59,10.416557,1,0,0,0,0,727
729,2012-12-29,1,1,12,0,6,0,2,0.253333,0.2424,0.752917,0.124383,159,1182,1341,3.906651,-0.00159999999999982,75.2917,8.333661,1,0,0,0,0,728
730,2012-12-30,1,1,12,0,0,0,1,0.255833,0.2317,0.483333,0.350754,364,1432,1796,4.024151,-0.707800000000001,48.3333,23.500518,0,0,0,0,0,729
731,2012-12-31,1,1,12,0,1,1,2,0.215833,0.223487,0.5775,0.154846,439,2290,2729,2.144151,-1.249858,57.75,10.374682,1,0,0,0,0,730
